id;xx;supplierId;externalIdType;a;b;d;
153772;0.25;5;2;MOBIL SHC CHAIN 240 20L;20;0;
153566;0.28;5;2;MOBIL UNIREX N 3 12x0.39KG ;0,39;0;
155137;1.17;5;2;MOBIL HYDRAULIC AW 32;20000;0;
155141;1.17;5;2;MOBIL HYDRAULIC AW 46;20000;0;
155146;1.17;5;2;MOBIL HYDRAULIC AW 68;20000;0;
144969;1.26;5;2;MOBIL HYDRAULIC OIL HLPD 46;20000;0;
155138;1.34;5;2;MOBIL HYDRAULIC AW 32 1000L;1000;0;
155139;1.34;5;2;MOBIL HYDRAULIC AW 32 208L;208;0;
155142;1.34;5;2;MOBIL HYDRAULIC AW 46 1000L;1000;0;
155140;1.34;5;2;MOBIL HYDRAULIC AW 46 208L;208;0;
155148;1.34;5;2;MOBIL HYDRAULIC AW 68 1000L;1000;0;
155147;1.34;5;2;MOBIL HYDRAULIC AW 68 208L;208;0;
144970;1.54;5;2;MOBIL HYDRAULIC HLPD 46** 208L;208;0;
111714;1.56;5;2;NUTO H 32 208L;208;0;
102167;1.58;5;2;NUTO H 46;20000;0;
111715;1.58;5;2;NUTO H 46 208L;208;0;
152158;1.73;5;2;MOBIL DELVAC SUPER 1400E 15W40;20000;0;
111768;1.78;5;2;MOBIL UNIVIS N 46 208L;208;0;
104420;1.85;5;2;MOBIL DELVAC MX 15W-40;20000;0;
111716;1.85;5;2;NUTO H 68 208L;208;0;
144967;1.86;5;2;MOBIL HYDRAULIC HLPD 32** 208L;208;0;
152159;1.89;5;2;MOBIL DELVAC SUPER 1400E 15W40 1000L;1000;0;
110950;1.94;5;2;NUTO H 32 20L;20;0;
111451;1.94;5;2;NUTO H 46 20L;20;0;
121641;2.00;5;2;MOBIL DELVAC MX 15W-40 208L;208;0;
151021;2.01;5;2;MOBIL DELVAC MX ESP 10W-30;20000;0;
150637;2.02;5;2;MOBIL SUPER 2000 X1 DIESEL 10W40 208L;208;0;
121643;2.02;5;2;MOBIL DELVAC MX 15W-40 1000L;1000;0;
141621;2.02;5;2;MOBIL DELVAC SUPER 20W50 208L;208;0;
111767;2.02;5;2;MOBIL UNIVIS N 32 208L;208;0;
141433;2.04;5;2;NUTO H 46 1000L;1000;0;
152160;2.05;5;2;MOBIL DELVAC SUPER 1400E 15W-40 208L;208;0;
152160;2.05;5;2;MOBIL DELVAC SUPER 1400E 15W-40 208L;1000;0;
150906;2.06;5;2;Mobil Brake Fluid DOT 4 (cena za 0,5L);0,5;0;
121900;2.07;5;2;MOBIL DTE 24;20000;0;
121910;2.07;5;2;MOBIL DTE 26;20000;0;
151228;2.09;5;2;MOBIL HYDRAULIC 10W 208L;208;0;
125101;2.10;5;2;MOBIL PEGASUS 705 208L;208;0;
121645;2.11;5;2;MOBIL DELVAC MX 15W-40 60L;60;0;
111461;2.13;5;2;NUTO H 68 20L;20;0;
121842;2.15;5;2;MOBIL DTE 25 208L;208;0;
121545;2.17;5;2;MOBIL DELVAC 1330 208L;208;0;
121565;2.17;5;2;MOBIL DELVAC 1340 208L;208;0;
153902;2.17;5;2;MOBIL DELVAC LIGHT COMMERCIAL VEHICLE E 10W-40 208L;208;0;
104417;2.17;5;2;MOBIL DTE 25;20000;0;
125089;2.17;5;2;MOBIL PEGASUS 610 208L;208;0;
121523;2.18;5;2;MOBIL DELVAC 1320 208L;208;0;
153848;2.18;5;2;MOBIL DELVAC MX ESP 15W-40 208L;208;0;
155071;2.18;5;2;MOBIL DTE 25 ULTRA;20000;0;
127880;2.18;5;2;MOBIL PEGASUS 605 208L;208;0;
144714;2.19;5;2;MOBIL DELVAC MX EXTRA 10W40;20000;0;
151562;2.19;5;2;Mobil VACTRA NO 2;20000;0;
121650;2.21;5;2;MOBIL DELVAC MX 15W-40 20L;20;0;
111444;2.21;5;2;MOBIL UNIVIS N 46 20L;20;0;
151744;2.22;5;2;MOBILTHERM 605 1000L;1000;0;
151745;2.23;5;2;MOBILTHERM 605 208L;208;0;
151746;2.23;5;2;MOBILTHERM 605 20L;20;0;
123763;2.24;5;2;MOBILUBE GX 80W-90;20000;0;
141419;2.24;5;2;MOBIL UNIVIS N 46 1000L;1000;0;
151991;2.26;5;2;MOBIL DELVAC MX ESP 10W-30 1000L;1000;0;
153852;2.26;5;2;MOBIL DELVAC MX ESP 10W-30 208L;208;0;
111769;2.26;5;2;MOBIL UNIVIS N 68 208L;208;0;
104411;2.27;5;2;MOBIL PEGASUS 705;20000;0;
121907;2.29;5;2;MOBIL DTE 24 208L;208;0;
124226;2.30;5;2;MOBIL MOBILFLUID 424 208L;208;0;
150024;2.31;5;2;MOBIL SUPER 1000 X1 15W-40 208L;208;0;
151557;2.31;5;2;MOBIL VACTRA NO 1;20000;0;
155627;2.32;5;2;MOBILFLUID 428 208L;208;0;
121053;2.34;5;2;MOBIL AGRI SUPER 15W-40 208L;208;0;
127616;2.34;5;2;MOBIL DELVAC 1330 20L;20;0;
111430;2.34;5;2;MOBIL UNIVIS N 32 20L;20;0;
149642;2.34;5;2;MOBILGEAR 600  XP 220 208L;208;0;
150572;2.35;5;2;MOBIL SUPER 2000 X1 10W-40 60L;60;0;
144716;2.35;5;2;MOBIL DELVAC MX EXTRA 10W-40 208L;208;0;
144894;2.35;5;2;MOBILFLUID 426 208L;208;0;
155231;2.35;5;2;MOBIL DTE 24 ULTRA 208L;208;0;
155171;2.35;5;2;MOBIL DTE 25 ULTRA 1000L;1000;0;
155202;2.35;5;2;MOBIL DTE 25 ULTRA 208L;208;0;
121918;2.35;5;2;MOBIL DTE 26 208L;208;0;
155223;2.35;5;2;MOBIL DTE 26 ULTRA 208L;208;0;
125110;2.35;5;2;MOBIL PEGASUS 710 208L;208;0;
149641;2.36;5;2;MOBILGEAR 600  XP 220;20000;0;
150015;2.37;5;2;MOBIL SUPER 2000 X1 10W-40 208L;208;0;
153887;2.37;5;2;MOBIL DELVAC CITY LOGISTICS F 5W-30 208L;208;0;
104413;2.37;5;2;MOBIL PEGASUS 710;20000;0;
124217;2.38;5;2;MOBIL MOBILFLUID 422 208L;208;0;
104424;2.38;5;2;MOBIL PEGASUS 605;20000;0;
104432;2.38;5;2;MOBIL PEGASUS 610;20000;0;
151560;2.38;5;2;MOBIL VACTRA NO 2 208L;208;0;
154121;2.39;5;2;MOBIL DELVAC HD 10W40 208L;208;0;
152162;2.39;5;2;MOBIL DELVAC SUPER 1400E 15W-40 20L;20;0;
127630;2.39;5;2;MOBIL DTE 26 20L;20;0;
124800;2.39;5;2;MOBILTHERM 603 208L;208;0;
121056;2.40;5;2;MOBIL AGRI SUPER 15W40 60L;60;0;
154923;2.40;5;2;MOBIL DELVAC MX ESP 15W40 60L;60;0;
155232;2.41;5;2;MOBIL DTE 24 ULTRA 1000L;1000;0;
144715;2.42;5;2;MOBIL DELVAC MX EXTRA 10W-40 1000L;1000;0;
151230;2.42;5;2;MOBIL HYDRAULIC 10W 20L;20;0;
125109;2.42;5;2;MOBIL PEGASUS 705 20L;20;0;
144717;2.44;5;2;MOBIL DELVAC MX EXTRA 10W-40 60L;60;0;
149637;2.44;5;2;MOBILGEAR 600  XP 150 208L;208;0;
149647;2.45;5;2;MOBILGEAR 600  XP 320 208L;208;0;
104416;2.46;5;2;MOBIL DELVAC XHP EXT 10W40;20000;0;
120980;2.47;5;2;MOBIL AGRI EXTRA 15W-40 208L;208;0;
150001;2.47;5;2;MOBIL CHAINSAW OIL 20L;20;0;
145190;2.50;5;2;MOBIL ANTIFREEZE Extra 1000L;1000;0;
125087;2.50;5;2;MOBIL PEGASUS 605 1000L;1000;0;
150016;2.51;5;2;MOBIL SUPER 2000 X1 10W-40 20L;20;0;
153732;2.51;5;2;MOBIL SUPER 2000 X1 10W-40 20L BAG-IN-BOX;20;0;
151564;2.51;5;2;MOBIL VACTRA NO 2 20L;20;0;
127695;2.52;5;2;MOBIL DTE 24 1000L;1000;0;
149632;2.52;5;2;MOBILGEAR 600  XP 100 208L;208;0;
149610;2.52;5;2;MOBILGEAR 600  XP 68 208L;208;0;
150561;2.53;5;2;MOBIL SUPER 1000 X1 15W-40 60L;60;0;
127635;2.53;5;2;MOBIL DTE 25 1000L;1000;0;
121935;2.54;5;2;MOBIL DTE 27 208L;208;0;
155226;2.54;5;2;MOBIL DTE 27 ULTRA 208L;208;0;
149663;2.54;5;2;MOBILGEAR 600  XP 68 20L;20;0;
145344;2.55;5;2;MOBIL DELVAC 1630 208L;208;0;
145348;2.55;5;2;MOBIL DELVAC 1640 208L;208;0;
144718;2.55;5;2;MOBIL DELVAC MX EXTRA 10W-40 20L;20;0;
154373;2.55;5;2;MOBIL DELVAC XHP ESP M 10W-40 208L;208;0;
123587;2.55;5;2;MOBILUBE HD 85W-140 208L;208;0;
149964;2.55;5;2;MOBIL DTE 732;20000;0;
150147;2.55;5;2;MOBIL PEGASUS 1005 208L;208;0;
149640;2.55;5;2;MOBILGEAR 600  XP 150 20L;20;0;
122365;2.56;5;2;MOBIL EXTRA 2T 208L;208;0;
123771;2.57;5;2;MOBILUBE GX 80W-90 208L;208;0;
123570;2.57;5;2;MOBILUBE HD 80W-90 208L;208;0;
124224;2.58;5;2;MOBIL MOBILFLUID 422 20L;20;0;
121894;2.58;5;2;MOBIL DTE 22 208L;208;0;
155233;2.58;5;2;MOBIL DTE 24 ULTRA 20L;20;0;
155203;2.58;5;2;MOBIL DTE 25 ULTRA 20L;20;0;
155224;2.58;5;2;MOBIL DTE 26 ULTRA 20L;20;0;
111462;2.58;5;2;MOBIL UNIVIS N 68 20L;20;0;
151558;2.58;5;2;MOBIL VACTRA NO 1 208L;208;0;
151572;2.58;5;2;MOBIL VACTRA NO 3 208L;208;0;
151568;2.58;5;2;MOBIL VACTRA NO 4 208L;208;0;
151570;2.58;5;2;MOBIL VACTRA NO 4 20L;20;0;
153856;2.59;5;2;MOBIL DELVAC MX ESP 10W-30 20L;20;0;
152940;2.59;5;2;MOBIL DELVAC XHP ESP 10W-40 1000L;1000;0;
127649;2.59;5;2;MOBIL DTE 24 20L;20;0;
127674;2.59;5;2;MOBIL DTE 25 20L;20;0;
154376;2.61;5;2;MOBIL DELVAC XHP ESP M 10W-40 1000L;1000;0;
125102;2.61;5;2;MOBIL PEGASUS 705 1000L;1000;0;
124203;2.62;5;2;MOBIL MOBILFLUID 125 20L;20;0;
150865;2.63;5;2;MOBIL SUPER 2000 X1 10W-40 4L;4;0;
149645;2.64;5;2;MOBILGEAR 600  XP 220 20L;20;0;
124805;2.64;5;2;MOBILTHERM 603 20L;20;0;
152808;2.65;5;2;MOBIL DELVAC XHP ESP 10W-40;20000;0;
143911;2.67;5;2;MOBIL LUBE HD-A 85W90 1000L;1000;0;
141603;2.67;5;2;TERESSTIC EP 46 208L;208;0;
121058;2.68;5;2;MOBIL AGRI SUPER 15W-40 20L;20;0;
150657;2.68;5;2;MOBIL DTE 10 EXCEL 46 208L;208;0;
122174;2.68;5;2;MOBIL DTE OIL MEDIUM;20000;0;
126554;2.68;5;2;MOBIL VACUOLINE 525 208L;208;0;
150869;2.69;5;2;MOBIL SUPER 2000 X1 DIESEL 10W40 4L;4;0;
121732;2.69;5;2;MOBIL DELVAC XHP EXTRA  10W-40 208L;208;0;
143943;2.69;5;2;MOBILUBE GX-A 80W 208L;208;0;
154856;2.69;5;2;MOBIL PEGASUS 610 ULTRA 208L;208;0;
121735;2.70;5;2;MOBIL DELVAC XHP EXTRA  10W-40 60L;60;0;
124693;2.70;5;2;MOBILTRANS HD 10W 208L;208;0;
124701;2.70;5;2;MOBILTRANS HD 30 208L;208;0;
124838;2.70;5;2;MOBILTRANS HD 50 208L;208;0;
149638;2.70;5;2;MOBILGEAR 600  XP 150 1000L;1000;0;
149643;2.70;5;2;MOBILGEAR 600 XP 220 1000L;1000;0;
124231;2.71;5;2;MOBIL MOBILFLUID 424 20L;20;0;
125111;2.71;5;2;MOBIL PEGASUS 710 1000L;1000;0;
126536;2.71;5;2;MOBIL VACUOLINE 148 208L;208;0;
124819;2.71;5;2;MOBILTHERM 610 208L;208;0;
120982;2.72;5;2;MOBIL AGRI EXTRA 10W40 60L;60;0;
152809;2.72;5;2;MOBIL DELVAC XHP ESP 10W40 208L;208;0;
150492;2.72;5;2;MOBIL DTE 732 1000L;1000;0;
143912;2.73;5;2;MOBILUBE HD-A 85W-90 208L;208;0;
127732;2.74;5;2;MOBILUBE HD 80W-90 20L;20;0;
150148;2.76;5;2;MOBIL PEGASUS 1005;20000;0;
149635;2.76;5;2;MOBILGEAR 600  XP 100 20L;20;0;
127646;2.77;5;2;MOBILTRANS HD 10W 20L;20;0;
155228;2.77;5;2;MOBIL DTE 27 ULTRA 20L;20;0;
125114;2.77;5;2;MOBIL PEGASUS 710 20L;20;0;
151524;2.78;5;2;MOBIL SUPER 3000 X1 FORMULA FE 5W-30 60L;60;0;
150653;2.78;5;2;MOBIL DTE 10 EXCEL 32 208L;208;0;
143421;2.78;5;2;SOMENTOR 44 208L;208;0;
127688;2.79;5;2;MOBIL DTE 27 20L;20;0;
149652;2.80;5;2;MOBILGEAR 600  XP 460 208L;208;0;
120983;2.81;5;2;MOBIL AGRI EXTRA 10W-40 20L;20;0;
150775;2.81;5;2;MOBIL DELVAC MX ESP 15W-40 20L;20;0;
150655;2.82;5;2;MOBIL DTE 10 EXCEL 46;20000;0;
151559;2.82;5;2;MOBIL VACTRA NO 1 20L;20;0;
145182;2.82;5;2;TERESSTIC T 32 208L;208;0;
145185;2.82;5;2;TERESSTIC T 46 20L;20;0;
153899;2.83;5;2;MOBIL DELVAC CITY LOGISTICS M 5W-30 208L;208;0;
145183;2.83;5;2;TERESSTIC T 32 PAIL 20L;20;0;
155090;2.84;5;2;MOBIL DTE 22 ULTRA 208L;208;0;
121132;2.85;5;2;MOBIL ATF 200 208L;208;0;
148370;2.85;5;2;MOBIL DELVAC MX 15W-40 4L;4;0;
153893;2.86;5;2;MOBIL DELVAC CITY LOGISTICS P 5W-30 208L;208;0;
122133;2.86;5;2;MOBIL DTE OIL HEAVY 208L;208;0;
122150;2.86;5;2;MOBIL DTE OIL HEAVY MEDIUM 208L;208;0;
122166;2.86;5;2;MOBIL DTE OIL LIGHT 208L;208;0;
122180;2.86;5;2;MOBIL DTE OIL MEDIUM 208L;208;0;
122520;2.86;5;2;MOBIL GARGOYLE ARCTIC 300 208L;208;0;
149657;2.86;5;2;MOBILGEAR 600  XP 680 208L;208;0;
145184;2.86;5;2;TERESSTIC T 46 208L;208;0;
151566;2.88;5;2;MOBIL VACTRA NO 3 20L;20;0;
149650;2.88;5;2;MOBILGEAR 600  XP 320 20L;20;0;
145349;2.89;5;2;MOBIL DELVAC 1340 20L;20;0;
150660;2.89;5;2;MOBIL DTE 10 EXCEL 68 1000L;1000;0;
153301;2.89;5;2;MOBIL PEGASUS 605 ULTRA 40 1000L;1000;0;
121737;2.90;5;2;MOBIL DELVAC XHP EXTRA  10W-40 20L;20;0;
155445;2.90;5;2;JENBACHER N OIL 40;20000;0;
150658;2.90;5;2;MOBIL DTE 10 EXCEL 46 20L;20;0;
125117;2.90;5;2;MOBIL PEGASUS 805 208L;208;0;
151174;2.91;5;2;MOBIL SUPER 3000 X1 FORMULA FE 5W-30 208L;208;0;
141064;2.91;5;2;MOBILUBE GX 80W-90 20L;20;0;
152127;2.91;5;2;SOMENTOR AH 70 208L;208;0;
121169;2.92;5;2;MOBIL ATF 220 208L;208;0;
126561;2.92;5;2;MOBIL VACUOLINE 528 208L;208;0;
126566;2.92;5;2;MOBIL VACUOLINE 533 208L;208;0;
126569;2.92;5;2;MOBIL VACUOLINE 537 208L;208;0;
150010;2.93;5;2;MOBIL SUPER 3000 X1 5W-40 208L;208;0;
152994;2.94;5;2;MOBIL DELVAC XHP ESP 10W-40 20L;20;0;
152994;2.94;5;2;MOBIL DELVAC XHP ESP 10W-40 20L;20;0;
154378;2.94;5;2;MOBIL DELVAC XHP ESP M 10W-40 20L;20;0;
126484;2.94;5;2;MOBIL VACUOLINE 128 208L;208;0;
126491;2.94;5;2;MOBIL VACUOLINE 133 208L;208;0;
126496;2.94;5;2;MOBIL VACUOLINE 137 208L;208;0;
126529;2.94;5;2;MOBIL VACUOLINE 146 208L;208;0;
125279;2.95;5;2;MOBIL RARUS 425 208L;208;0;
148975;2.96;5;2;MOBIL VACUOLINE 537 20L;20;0;
141770;2.96;5;2;SOMENTOR AH 45 208L;208;0;
150568;2.97;5;2;MOBIL SUPER 3000 X1 5W-40 60L;60;0;
150868;2.97;5;2;MOBIL SUPER 2000 X1 DIESEL 10W40 1L;1;0;
154343;2.97;5;2;MOBIL DELVAC CITY LOGISTICS R 5W-30 208L;208;0;
153896;2.97;5;2;MOBIL DELVAC CITY LOGISTICS V 5W-30 208L;208;0;
122530;2.97;5;2;MOBIL GARGOYLE ARCTIC C HEAVY 208L;208;0;
144279;2.98;5;2;MOBIL ANTIFREEZE 208L;208;0;
153891;2.99;5;2;MOBIL DELVAC LIGHT COMMERCIAL VEHICLE E 10W-40 4L;4;0;
127627;2.99;5;2;MOBILUBE HD 85W-140 20L;20;0;
153297;2.99;5;2;MOBIL PEGASUS 605 ULTRA 40;20000;0;
122368;3.01;5;2;MOBIL EXTRA 2T 20L;20;0;
150661;3.01;5;2;MOBIL DTE 10 EXCEL 68 208L;208;0;
123818;3.02;5;2;MOBILUBE S 80W-90 208L;208;0;
126574;3.02;5;2;M-VACUOLINE 546 208L;208;0;
143870;3.03;5;2;MOBILUBE GX-A 80W 20L;20;0;
127632;3.04;5;2;MOBILTRANS HD 30 20L;20;0;
127617;3.04;5;2;MOBILTRANS HD 50 20L;20;0;
149968;3.04;5;2;MOBIL DTE 732 208L;208;0;
149970;3.04;5;2;MOBIL DTE 746 208L;208;0;
125269;3.04;5;2;MOBIL RARUS 424 208L;208;0;
125290;3.04;5;2;MOBIL RARUS 426 208L;208;0;
149655;3.04;5;2;MOBILGEAR 600  XP 460 20L;20;0;
154541;3.05;5;2;MOBIL SUPER 2000 X1 10W40 5L;5;0;
149659;3.05;5;2;MOBILGEAR 600  XP 680 20L;20;0;
121899;3.06;5;2;MOBIL DTE 22 20L;20;0;
151749;3.07;5;2;MOBIL DELVAC XHP ULTRA LE 5W30 208L;208;0;
143914;3.07;5;2;MOBILUBE HD-A 85W-90 20L;20;0;
155723;3.07;5;2;JENBACHER N OIL 40 1000L;1000;0;
155725;3.07;5;2;JENBACHER N OIL 40 208L;208;0;
155091;3.07;5;2;MOBIL DTE 22 ULTRA 20L;20;0;
153996;3.07;5;2;MOBIL PEGASUS 1007 208L;208;0;
150656;3.09;5;2;MOBIL DTE 10 EXCEL 46 1000L;1000;0;
150086;3.10;5;2;MOBIL CLEAN INDUSTRIAL 208L;208;0;
150654;3.10;5;2;MOBIL DTE 10 EXCEL 32 20L;20;0;
127692;3.10;5;2;MOBIL DTE OIL HEAVY 20L;20;0;
127673;3.10;5;2;MOBIL DTE OIL HEAVY MEDIUM 20L;20;0;
127687;3.10;5;2;MOBIL DTE OIL LIGHT 20L;20;0;
127683;3.10;5;2;MOBIL DTE OIL MEDIUM 20L;20;0;
127878;3.10;5;2;MOBIL PEGASUS 801 208L;208;0;
153303;3.11;5;2;MOBIL PEGASUS 605 ULTRA 40 208L;208;0;
150149;3.12;5;2;MOBIL PEGASUS 1005 1000L;1000;0;
150867;3.14;5;2;MOBIL SUPER 1000 X1 15W-40 5L;5;0;
121960;3.16;5;2;MOBIL DTE 846;20000;0;
122202;3.16;5;2;MOBIL DTE PM 220  208L;208;0;
127691;3.16;5;2;MOBIL RARUS 425 20L;20;0;
125299;3.16;5;2;MOBIL RARUS 427 208L;208;0;
125338;3.16;5;2;MOBIL RARUS 429 208L;208;0;
148973;3.16;5;2;MOBIL VACUOLINE 528 20L;20;0;
148974;3.16;5;2;MOBIL VACUOLINE 533 20L;20;0;
124474;3.16;5;2;MOBILMET 423 208L;208;0;
124481;3.16;5;2;MOBILMET 424 208L;208;0;
124487;3.16;5;2;MOBILMET 426 208L;208;0;
154119;3.17;5;2;MOBIL PEGASUS 1005 208L;208;0;
151214;3.18;5;2;MOBIL SUPER 3000 FORMULA V 5W-30 208L;208;0;
145179;3.18;5;2;MOBIL TERESSTIC T 100 208L;208;0;
154870;3.19;5;2;MOBIL DELVAC CITY LOGISTIC P 5W-30 20L;20;0;
154044;3.19;5;2;MOBIL DELVAC XHP ESP 5W-30 208L;208;0;
125291;3.20;5;2;MOBIL RARUS 426 20L;20;0;
154483;3.21;5;2;MOBIL SUPER 3000 FORMULA F 0W-30 208L;208;0;
154762;3.21;5;2;MOBILECT 44 208L;208;0;
150942;3.22;5;2;MOBIL SUPER 3000 XE 5W-30 60L;60;0;
150665;3.22;5;2;MOBIL DTE 10 EXCEL 100 208L;208;0;
150672;3.22;5;2;MOBIL DTE 10 EXCEL 15 208L;208;0;
150063;3.22;5;2;MOBIL RARUS PE R 220;20000;0;
151236;3.23;5;2;MOBIL SUPER 3000 FORMULA G 5W-30 208L;208;0;
151215;3.23;5;2;MOBIL SUPER 3000 FORMULA V 5W-30 60L;60;0;
122531;3.23;5;2;MOBIL GARGOYLE ARCTIC C HEAVY 20L;20;0;
143096;3.24;5;2;MOBIL ATF 200 20L;20;0;
127577;3.24;5;2;MOBIL ATF 220 20L;20;0;
151154;3.25;5;2;MOBIL ANTIFREEZE Advanced 5L;5;0;
150662;3.25;5;2;MOBIL DTE 10 EXCEL 68 20L;20;0;
153997;3.25;5;2;MOBIL PEGASUS 1007 1000L;1000;0;
127583;3.26;5;2;MOBIL GARGOYLE ARCTIC 155 20L;20;0;
127624;3.26;5;2;MOBIL GARGOYLE ARCTIC 300 20L;20;0;
127602;3.26;5;2;MOBIL RARUS 427 20L;20;0;
127603;3.26;5;2;MOBIL RARUS 429 20L;20;0;
151157;3.27;5;2;MOBIL ANTIFREEZE EXTRA 1L;1;0;
155770;3.27;5;2;MOBIL DELVAC XHP ULTRA LE MN9 5W20 208L;208;0;
149870;3.28;5;2;MOBIL ALMO 525 208L;208;0;
149871;3.28;5;2;MOBIL ALMO 527 208L;208;0;
121958;3.28;5;2;MOBIL DTE 832 208L;208;0;
121961;3.28;5;2;MOBIL DTE 846 208L;208;0;
125272;3.28;5;2;MOBIL RARUS 424 20L;20;0;
152867;3.30;5;2;MOBIL SUPER 3000 FORMULA F 5W-20 208L;208;0;
154871;3.30;5;2;MOBIL DELVAC CITY LOGISTIC V 5W-30 20L;20;0;
155694;3.30;5;2;MOBIL DELVAC XHP ESP FE 5W30  1000L;1000;0;
155692;3.30;5;2;MOBIL DELVAC XHP ESP FE 5W30 208L;208;0;
124536;3.30;5;2;MOBILMET 762 208L;208;0;
154739;3.32;5;2;MOBIL SUPER 3000 XE1 5W30 208L;208;0;
123805;3.32;5;2;MOBILUBE LS 85W-90 208L;208;0;
153888;3.33;5;2;MOBIL DELVAC CITY LOGISTICS F 5W-30 4L;4;0;
126806;3.33;5;2;MOBIL MACHINE TOOL LONG LIFE COOLANT 20L;20;0;
123801;3.34;5;2;MOBILUBE HD-N 80W-140 208L;208;0;
150087;3.34;5;2;MOBIL CLEAN INDUSTRIAL 20L;20;0;
127784;3.34;5;2;MOBIL DTE PM 220  1000L;1000;0;
145020;3.34;5;2;MOBIL VELOCITE NO 10 208L;208;0;
145010;3.34;5;2;MOBIL VELOCITE NO 4 208L;208;0;
145014;3.34;5;2;MOBIL VELOCITE NO 6 208L;208;0;
124503;3.34;5;2;MOBILMET 443 208L;208;0;
124511;3.34;5;2;MOBILMET 446 208L;208;0;
154120;3.35;5;2;MOBIL PEGASUS 1005 1000L;1000;0;
123821;3.36;5;2;MOBILUBE S 80W-90 20L;20;0;
124196;3.36;5;2;MOBIL MOBILFLUID 125 208L;208;0;
150673;3.37;5;2;MOBIL DTE 10 EXCEL 15 20L;20;0;
143430;3.37;5;2;MOBIL EVAPORATFLUID 4286 208L;208;0;
142825;3.38;5;2;MOBIL GARDEN 4T 1L;1;0;
104459;3.38;5;2;MOBIL DELVAC XHP ULTRA 5W-30 208L;208;0;
104459;3.38;5;2;MOBIL DELVAC XHP ULTRA 5W-30 208L;208;0;
150664;3.38;5;2;MOBIL DTE 10 EXCEL 100 1000L;1000;0;
150864;3.39;5;2;MOBIL SUPER 2000 X1 10W-40 1L;1;0;
149867;3.39;5;2;MOBIL ALMO 525 20L;20;0;
144276;3.40;5;2;MOBIL ANTIFREEZE EXTRA 20L;20;0;
151750;3.40;5;2;MOBIL DELVAC XHP ULTRA LE 5W30 20L;20;0;
120933;3.40;5;2;MOBIL 600W SUP CYLYNDER 208L;208;0;
149710;3.40;5;2;MOBIL VACUUM PUMP OIL 100 208L;208;0;
152323;3.40;5;2;MOBIL VELOCITE NO 3 20L;20;0;
127806;3.40;5;2;MOBILMET 426 20L;20;0;
124543;3.40;5;2;MOBILMET 763 208L;208;0;
124552;3.40;5;2;MOBILMET 766 208L;208;0;
150011;3.41;5;2;MOBIL SUPER 3000 X1 5W-40  20L;20;0;
153735;3.41;5;2;MOBIL SUPER 3000 X1 FORMULA FE 5W-30 20L BAG-IN-BOX;20;0;
150711;3.41;5;2;MOBIL SUPER 3000 XE 5W-30 1000L;1000;0;
150712;3.41;5;2;MOBIL SUPER 3000 XE 5W-30 208L;208;0;
150866;3.41;5;2;MOBIL SUPER 1000 X1 15W-40 1L;1;0;
152324;3.41;5;2;MOBIL VELOCITE NO 3 208L;208;0;
151194;3.43;5;2;MOBIL SUPER 3000 FORMULA P 5W-30  208L;208;0;
154746;3.43;5;2;MOBIL SUPER 3000 XE1 5W30 60L;60;0;
124017;3.44;5;2;MOBILARMA 778 208L;208;0;
154997;3.45;5;2;MOBIL SUPER 3000 FORMULA D1 5W30 208L;208;0;
151506;3.45;5;2;MOBIL GEAR OIL FE 75W;20000;0;
148916;3.45;5;2;MOBILECT 44 182KG;182;0;
146408;3.46;5;2;MOBIL ATF 320 208L;208;0;
150670;3.47;5;2;MOBIL DTE 10 EXCEL 150 20L;20;0;
140718;3.47;5;2;MOBIL WYROL 4 208L;208;0;
154375;3.49;5;2;MOBIL DELVAC XHP ESP M 10W-40 4L;4;0;
150689;3.50;5;2;MOBIL SUPER 3000 FORMULA R 5W-30 208L;208;0;
121740;3.50;5;2;MOBIL DELVAC XHP ULTRA 5W-30 20L;20;0;
142806;3.50;5;2;MOBILUBE GX 80W-90 1L;1;0;
142828;3.50;5;2;MOBILUBE HD 80W-90 1L;1;0;
151410;3.50;5;2;MOBIL DTE PM EXCEL 150 208L;208;0;
155850;3.52;5;2;MOBIL SUPER 3000 FORMULA V 0W20 208L;208;0;
154045;3.52;5;2;MOBIL DELVAC XHP ESP 5W-30 20L;20;0;
149872;3.53;5;2;MOBIL ALMO 527 20L;20;0;
145017;3.53;5;2;MOBIL VELOCITE NO 6 20L;20;0;
142878;3.55;5;2;MOBIL EXTRA 2T 1L;1;0;
144271;3.55;5;2;MOBIL ANTIFREEZE ADVANCED 208L;208;0;
145012;3.55;5;2;MOBIL VELOCITE NO 4 20L;20;0;
155001;3.56;5;2;MOBIL SUPER 3000 FORMULA D1 5W30 60L;60;0;
150064;3.56;5;2;MOBIL RARUS PE R 220 208L;208;0;
153734;3.57;5;2;MOBIL SUPER 3000 X1 5W-40 20L BAG-IN-BOX ;20;0;
153122;3.57;5;2;MOBIL DELVAC XHP ESP 10W-40 4L;4;0;
144275;3.59;5;2;MOBIL ANTIFREEZE EXTRA 208L;208;0;
145022;3.59;5;2;MOBIL VELOCITE NO 10 20L;20;0;
155771;3.60;5;2;MOBIL DELVAC XHP ULTRA LE MN9 5W20 20L;20;0;
155693;3.63;5;2;MOBIL DELVAC XHP ESP FE 5W30 20L;20;0;
155006;3.64;5;2;MOBIL SHC 832 ULTRA 208L;208;0;
155010;3.64;5;2;MOBIL SHC 846 ULTRA 208L;208;0;
140670;3.65;5;2;MOBIL WYROL 8 208L;208;0;
127640;3.65;5;2;MOBILMET 763 20L;20;0;
127607;3.65;5;2;MOBILMET 766 20L;20;0;
127838;3.66;5;2;MOBILUBE LS 85W-90 20L;20;0;
710928;3.68;5;2;MOBIL ANTIFREEZE Ultra 208L;208;0;
154553;3.69;5;2;MOBILCUT 100-NEW 208L;208;0;
144408;3.69;5;2;UNIVIS HVI 26 208L;208;0;
150066;3.70;5;2;MOBIL RARUS PE R-C 220;20000;0;
143992;3.71;5;2;MOBILUX EP 2 18KG;18;0;
144272;3.73;5;2;MOBIL ANTIFREEZE ADVANCED 20L;20;0;
141699;3.76;5;2;MOBILUBE HD-N 80W-140 PAIL 20L;20;0;
150067;3.76;5;2;MOBIL RARUS PE R-C 220 208L;208;0;
140673;3.77;5;2;MOBIL WYROL H 15 208L;208;0;
106413;3.77;5;2;MOBIL WYROL HS 32 208L;208;0;
154533;3.80;5;2;MOBIL SUPER 3000 FORMULA F 5W-20 20L BAG-IN-BOX;20;0;
153901;3.80;5;2;MOBIL DELVAC CITY LOGISTICS M 5W-30 4L;4;0;
148369;3.80;5;2;MOBIL DELVAC XHP EXTRA  10W-40 4L;4;0;
151158;3.81;5;2;MOBIL ANTIFREEZE EXTRA 5L;5;0;
153709;3.82;5;2;MOBIL GARGOYLE ARCTIC 68 NH, 208L;208;0;
153894;3.83;5;2;MOBIL DELVAC CITY LOGISTICS P 5W-30 4L;4;0;
143433;3.83;5;2;MOBIL EVAPORATFLUID 2002 208L;208;0;
140666;3.83;5;2;MOBIL WYROL 12 208L;208;0;
142836;3.84;5;2;MOBIL ATF 220 1L;1;0;
140669;3.84;5;2;MOBIL WYROL 6 208L;208;0;
155854;3.85;5;2;MOBIL SUPER 3000 FORMULA V 0W20 60L;60;0;
123249;3.85;5;2;MOBILGREASE SPECIAL 180KG;180;0;
150941;3.86;5;2;MOBIL SUPER 3000 XE 5W-30 20L;20;0;
153736;3.86;5;2;MOBIL SUPER 3000 XE 5W-30 20L BAG-IN-BOX;20;0;
154742;3.87;5;2;MOBIL SUPER 3000 XE1 5W30 20L;20;0;
146370;3.89;5;2;MOBILGREASE MB 2 18KG;18;0;
146409;3.90;5;2;MOBIL ATF 320 20L;20;0;
154341;3.90;5;2;MOBIL DELVAC CITY LOGISTICS R 5W-30 4L;4;0;
140586;3.90;5;2;MORNOP 80 208L;208;0;
151776;3.91;5;2;MOBIL SUPER 3000 X1 5W-40 4L;4;0;
154543;3.91;5;2;MOBIL SUPER 3000 X1 FORMULA FE 5W30 5L;5;0;
154556;3.92;5;2;MOBILCUT 100-NEW 20L;20;0;
151331;3.92;5;2;MOBILCUT 210 208L;208;0;
142805;3.93;5;2;MOBILUBE GX-A 80W 1L;1;0;
150884;3.93;5;2;MOBILUBE HD-A PLUS 80W-90 20L;20;0;
153897;3.94;5;2;MOBIL DELVAC CITY LOGISTICS V 5W-30 4L;4;0;
140668;3.95;5;2;MOBIL WYROL 2 208L ;208;0;
127590;3.95;5;2;MOBILUX EP 2 180KG;180;0;
154537;3.96;5;2;MOBIL SUPER 3000 FORMULA R 5W-30 20L BAG-IN-BOX;20;0;
142821;3.96;5;2;MOBIL EXTRA 4T 10W-40 1L;1;0;
124899;3.96;5;2;MOBILUX EP 2 50KG;50;0;
151344;3.98;5;2;MOBILCUT 240 208L;208;0;
154583;3.99;5;2;MOBILCUT 140-NEW 208L;208;0;
154562;3.99;5;2;MOBILCUT 210-NEW 208L;208;0;
151328;4.00;5;2;MOBILCUT 140 208L;208;0;
151528;4.02;5;2;MOBIL SUPER 3000 X1 FORMULA FE 5W-30 4L;4;0;
151335;4.02;5;2;MOBILCUT 230 208L;208;0;
123251;4.03;5;2;MOBILGREASE SPECIAL 50KG;50;0;
153318;4.04;5;2;MOBIL SUPER 3000 FORMULA VC 0W-20 208L;208;0;
151756;4.05;5;2;MOBIL DEXRON VI ATF 208L;208;0;
153711;4.05;5;2;MOBIL GARGOYLE ARCTIC 68 NH 20L;20;0;
141107;4.06;5;2;MOBIL RARUS PE KPL 201;20000;0;
154037;4.06;5;2;MOBIL RARUS PE KPL 220;20000;0;
155855;4.07;5;2;MOBIL SUPER 3000 FORMULA V 0W20 20L;20;0;
151311;4.08;5;2;MOBIL SUPER 3000 FORMULA C1 5W-30 208L;208;0;
152172;4.10;5;2;MOBIL SUPER 3000 FORMULA P 0W-30  208L;208;0;
154542;4.11;5;2;MOBIL SUPER 3000 X1 5W40 5L;5;0;
720735;4.12;5;2;MOBIL ANTIFREEZE HD 5L;5;0;
143986;4.13;5;2;MOBILGREASE SPECIAL 18KG;18;0;
122867;4.14;5;2;MOBIL GEAR XMP 220 208L;208;0;
151523;4.16;5;2;MOBIL SUPER 3000 X1 FORMULA FE 5W-30 1L;1;0;
151332;4.17;5;2;MOBILCUT 210 20L;20;0;
146477;4.18;5;2;MOBIL ATF 320 1L;1;0;
156094;4.19;5;2;MOBIL ATF MULTI VEHICLE 208L;208;0;
124919;4.19;5;2;MOBILUX EP 3 180KG;180;0;
151037;4.21;5;2;MOBIL ATF LT 71141 1000L;1000;0;
151153;4.21;5;2;MOBIL ANTIFREEZE ADVANCED 1L;1;0;
151153;4.21;5;2;MOBIL ANTIFREEZE ADVANCED 5L;5;0;
154561;4.22;5;2;MOBILCUT 140-NEW 20L;20;0;
154564;4.22;5;2;MOBILCUT 210-NEW 20L;20;0;
151336;4.22;5;2;MOBILCUT 230 20L;20;0;
151345;4.22;5;2;MOBILCUT 240 20L;20;0;
153483;4.23;5;2;MOBIL DELVAC 1 TRANSMISSION FLUID 75W-80 208L;208;0;
124874;4.23;5;2;MOBILUX EP 1 180KG;180;0;
151329;4.25;5;2;MOBILCUT 140 20L;20;0;
143991;4.27;5;2;MOBILUX EP 1 18KG;18;0;
124878;4.27;5;2;MOBILUX EP1 50KG;50;0;
151453;4.28;5;2;MOBIL SUPER 3000 XE 5W-30 4L;4;0;
154544;4.28;5;2;MOBIL SUPER 3000 XE 5W30 5L;5;0;
151007;4.28;5;2;MOBIL ATF LT 71141 208L;208;0;
151775;4.29;5;2;MOBIL SUPER 3000 X1 5W-40 1L;1;0;
154488;4.31;5;2;MOBIL SUPER 3000 FORMULA F 0W-30 5L;5;0;
156092;4.32;5;2;MOBIL ATF MULTI VEHICLE 20L;20;0;
152865;4.37;5;2;MOBIL SUPER 3000 FORMULA F 5W-20 5L;5;0;
150271;4.39;5;2;MOBIL ATF 3309 208L;208;0;
124043;4.39;5;2;MOBILARMA SF 208L;208;0;
154766;4.42;5;2;MOBIL SUPER 3000 XE1 5W30 4X4L;4;0;
154757;4.42;5;2;MOBIL SUPER 3000 XE1 5W30 5L;5;0;
710721;4.42;5;2;MOBIL ANTIFREEZE ULTRA 5L;5;0;
140677;4.45;5;2;MOBIL WYROL HS 46 208L;208;0;
152866;4.46;5;2;MOBIL SUPER 3000 FORMULA F 5W-20 1L;1;0;
143994;4.46;5;2;MOBILUX EP 3 18KG;18;0;
151452;4.47;5;2;MOBIL SUPER 3000 XE 5W-30 1L;1;0;
140676;4.49;5;2;MOBIL WYROL HS 22 208L;208;0;
151008;4.51;5;2;MOBIL ATF LT 71141 20L;20;0;
146374;4.51;5;2;MOBILUX EP 0 18KG;18;0;
154486;4.53;5;2;MOBIL SUPER 3000 FORMULA F 0W-30 1L;1;0;
155000;4.55;5;2;MOBIL SUPER 3000 FORMULA D1 5W30 4L;4;0;
154999;4.55;5;2;MOBIL SUPER 3000 FORMULA D1 5W30 5L;5;0;
153484;4.56;5;2;MOBIL DELVAC 1 TRANSMISSION FLUID 75W-80 20L;20;0;
154535;4.58;5;2;MOBIL SUPER 3000 FORMULA P 0W-30 20L BAG-IN-BOX;20;0;
149780;4.58;5;2;MOBILARMA MT 20L;20;0;
152356;4.60;5;2;MOBIL SUPER 3000 FORMULA V 5W-30 1L;1;0;
710314;4.60;5;2;MOBIL ANTIFREEZE ULTRA 1L;1;0;
149779;4.60;5;2;MOBILARMA MT 208L;208;0;
155856;4.62;5;2;MOBIL SUPER 3000 FORMULA V 0W20 4L;4;0;
155852;4.62;5;2;MOBIL SUPER 3000 FORMULA V 0W20 5L;5;0;
151338;4.63;5;2;MOBILCUT 250 208L;208;0;
154764;4.64;5;2;MOBIL SUPER 3000 XE1 5W30 12X1L;1;0;
154566;4.65;5;2;MOBILCUT 250-NEW 208L;208;0;
124929;4.66;5;2;MOBILUX EP 004 180KG;180;0;
145454;4.67;5;2;MOBILARMA 524 208L/55USG;208;0;
154275;4.70;5;2;MOBIL 1 ESP 5W-30 208L;208;0;
154998;4.77;5;2;MOBIL SUPER 3000 FORMULA D1 5W30 1L;1;0;
152250;4.77;5;2;MOBIL DELVAC 1 LE 5W-30 208L;208;0;
154551;4.77;5;2;MOBILCUT 260-NEW 208L;208;0;
154299;4.80;5;2;MOBIL 1 ESP 5W-30 60L;60;0;
152363;4.82;5;2;MOBILCUT 320 208L;208;0;
155851;4.84;5;2;MOBIL SUPER 3000 FORMULA V 0W20 1L;1;0;
153363;4.85;5;2;MOBIL 1 ESP 0W-30 208L;208;0;
153628;4.85;5;2;MOBIL 1 FS X1 5W-50 208L;208;0;
150272;4.86;5;2;MOBIL ATF 3309 20L;20;0;
156091;4.87;5;2;MOBIL ATF MULTI VEHICLE 4L;4;0;
151339;4.87;5;2;MOBILCUT 250 20L;20;0;
154567;4.88;5;2;MOBILCUT 250-NEW 20L;20;0;
MPS400M;4.88;5;2;MOBIL MULTIPURPOSE SPRAY 12x0,4L;0,4;0;
153644;4.89;5;2;MOBIL 1 FS X1 5W-50  60L;60;0;
146195;4.90;5;2;MOBIL CHASSIS GREASE LBZ 50KG;50;0;
153688;4.93;5;2;MOBIL 1 FS 0W-40 1000L;1000;0;
153670;4.93;5;2;MOBIL 1 FS 0W-40 208L;208;0;
151341;4.93;5;2;MOBILCUT 320 208L;208;0;
154314;4.96;5;2;MOBIL 1 ESP LV 0W30 208L;208;0;
146423;4.96;5;2;MOBILUBE HD 75W-90  20L;20;0;
154549;5.00;5;2;MOBILCUT 260-NEW 20L;20;0;
143990;5.00;5;2;MOBILUX EP 004 18KG;18;0;
152925;5.01;5;2;MOBIL UNIREX N 3 50KG;50;0;
154569;5.01;5;2;MOBILCUT 320-NEW 208L;208;0;
154531;5.02;5;2;MOBIL PYROTEC HFC 46 200L;200;0;
GR500M;5.02;5;2;MOBIL PENETRATING SPRAY 12x0,5L;0,5;0;
141551;5.03;5;2;MOBIL DELVAC 1 5W-40 208L;208;0;
152364;5.07;5;2;MOBILCUT 260 20L;20;0;
151342;5.07;5;2;MOBILCUT 320 20L;20;0;
156090;5.09;5;2;MOBIL ATF MULTI VEHICLE 1L;1;0;
152249;5.11;5;2;MOBIL DELVAC 1 LE 5W-30 20L;20;0;
143985;5.12;5;2;MOBIL CHASSIS GREASE LBZ 18KG;18;0;
152252;5.16;5;2;MOBIL DELVAC 1 LE 5W30 4L;4;0;
145426;5.16;5;2;MOBIL UNIREX N 3 180KG;180;0;
154571;5.17;5;2;MOBILCUT 320-NEW 20L;20;0;
155448;5.18;5;2;MOBIL DELVAC ULTRA SCA 75W90 208L;208;0;
152926;5.21;5;2;MOBIL UNIREX N3 18KG;18;0;
154302;5.22;5;2;MOBIL 1 ESP 5W-30 20L;20;0;
152924;5.24;5;2;MOBIL UNIREX N 2 18KG;18;0;
154273;5.27;5;2;MOBIL 1 ESP 5W-30 20L BAG-IN-BOX;20;0;
154144;5.36;5;2;MOBIL 1 ESP X3 0W-40 208L;208;0;
150275;5.36;5;2;MOBIL ATF 3309 1L;1;0;
141543;5.37;5;2;MOBIL DELVAC 1 5W-40 20L;20;0;
153730;5.40;5;2;MOBIL 1 FS 0W-40 20L BAG-IN-BOX;20;0;
153645;5.40;5;2;MOBIL 1 FS X1 5W-50  20L;20;0;
153319;5.42;5;2;MOBIL SUPER 3000 FORMULA VC 0W-20 1L;1;0;
154984;5.43;5;2;MOBIL DELVAC ULTRA TD 75W90 208L;208;0;
123275;5.43;5;2;MOBILGREASE XHP 222 180KG;180;0;
150531;5.43;5;2;MOBILGREASE XHP 462  180KG;180;0;
151519;5.44;5;2;MOBIL ATF LT 71141 1L;1;0;
154604;5.44;5;2;MOBIL CENTAUR XHP 461 180KG;180;0;
154598;5.44;5;2;MOBIL CENTAUR XHP 461 18KG;18;0;
154597;5.44;5;2;MOBIL CENTAUR XHP 461 50KG;50;0;
123291;5.45;5;2;MOBILGREASE XHP 461 180KG;180;0;
152318;5.47;5;2;MOBIL SUPER 3000 FORMULA C1  5W30 1L;1;0;
153438;5.48;5;2;MOBIL 1 ESP X2 0W-20 208L;208;0;
153689;5.48;5;2;MOBIL 1 FS 0W-40 20L;20;0;
154321;5.51;5;2;MOBIL 1 ESP LV 0W30 20L;20;0;
155449;5.51;5;2;MOBIL DELVAC ULTRA SCA 75W90 20L;20;0;
155247;5.53;5;2;MOBIL 1 0W-20 208L;208;0;
143518;5.55;5;2;MOBIL 1 RACING 4T 15W-50 208L;208;0;
152170;5.64;5;2;MOBIL SUPER 3000 FORMULA P 0W-30 1L;1;0;
146378;5.65;5;2;MOBILGREASE XHP 221 18 KG;18;0;
146379;5.69;5;2;MOBILGREASE XHP 222 18KG;18;0;
123277;5.69;5;2;MOBILGREASE XHP 222 50KG;50;0;
154291;5.72;5;2;MOBIL 1 ESP 5W-30 4L;4;0;
154295;5.72;5;2;MOBIL 1 ESP 5W30 5L;5;0;
154987;5.76;5;2;MOBIL DELVAC ULTRA TD 75W90 20L;20;0;
151218;5.77;5;2;MOBIL SUPER 3000 FORMULA LD 0W-30 208L;208;0;
153680;5.81;5;2;MOBIL 1 FS 0W-40 KEG 60L;60;0;
123293;5.81;5;2;MOBILGREASE XHP 461 50KG;50;0;
152110;5.85;5;2;MOBIL 1 10W-60 4L;4;0;
150532;5.86;5;2;MOBILGREASE XHP 462  50KG;50;0;
125046;5.94;5;2;MOBIL PEGASUS 1 208L;208;0;
153687;5.95;5;2;MOBIL 1 FS 0W-40 4L;4;0;
153640;5.95;5;2;MOBIL 1 FS X1 5W-50 4L;4;0;
154605;6.00;5;2;MOBIL CENTAUR XHP 462 180KG;180;0;
154318;6.06;5;2;MOBIL 1 ESP LV 0W30 4L;4;0;
150688;6.13;5;2;MOBIL ATF 134 20L;20;0;
154288;6.14;5;2;MOBIL 1 ESP 5W-30 1L;1;0;
154313;6.15;5;2;MOBIL 1 ESP LV 0W30 1L;1;0;
153668;6.15;5;2;MOBIL 1 FS 0W-40 1L;1;0;
153634;6.17;5;2;MOBIL 1 FS X1 5W-50 1L;1;0;
127738;6.17;5;2;MOBIL PEGASUS 1 20L;20;0;
153347;6.18;5;2;MOBIL 1 ESP 0W-30 4L;4;0;
153669;6.19;5;2;MOBIL 1 FS 0W-40 5L;5;0;
141579;6.23;5;2;MOBIL WYROL MS 460 208L;208;0;
154601;6.24;5;2;MOBIL CENTAUR XHP 462 18KG;18;0;
154600;6.24;5;2;MOBIL CENTAUR XHP 462 50KG;50;0;
122629;6.27;5;2;MOBIL GARGOYLE ARCTIC SHC NH68  208L;208;0;
152484;6.28;5;2;MOBIL SHC PEGASUS 40 208L;208;0;
153346;6.40;5;2;MOBIL 1 ESP 0W-30 1L;1;0;
152992;6.44;5;2;MOBIL 1 ESP 0W-40 1L;1;0;
154151;6.46;5;2;MOBIL 1 ESP X3 0W-40 5L;5;0;
155249;6.47;5;2;MOBIL 1 0W-20 1L;1;0;
122630;6.50;5;2;MOBIL GARGOYLE ARCTIC SHC NH68  20L;20;0;
127614;6.54;5;2;MOBILSOL PM  20L;20;0;
153439;6.58;5;2;MOBIL 1 ESP X2 0W-20 1L;1;0;
SLV400M;6.58;5;2;MOBIL SOLVENT CLEANER SPRAY 12x0,4L;0,4;0;
153462;6.61;5;2;MOBOL DELVAC 1 GEAR OIL 75W90 208L;208;0;
153685;6.63;5;2;MOBIL 1 ESP X2 0W-20 5L;5;0;
123716;6.63;5;2;MOBILUBE 1 SHC  75W-90 20L;20;0;
154147;6.68;5;2;MOBIL 1 ESP X3 0W-40 1L;1;0;
104480;6.72;5;2;MOBILUBE 1 SHC  75W-90 208L;208;0;
123714;6.73;5;2;MOBILUBE 1 SHC 75W-90 60L;60;0;
153490;6.77;5;2;MOBIL DELVAC 1 TF V30 208L;208;0;
123039;6.85;5;2;MOBIL GLYGOYLE 30** 208L;208;0;
153466;6.89;5;2;MOBIL DELVAC 1 GEAR OIL 75W-90 20L;20;0;
127804;6.95;5;2;MOBIL GLYGOYLE 22** 20L;20;0;
127805;6.99;5;2;MOBIL GLYGOYLE 30** 20L;20;0;
123020;7.03;5;2;MOBIL GLYGOYLE 11** 208L;208;0;
123027;7.03;5;2;MOBIL GLYGOYLE 22** 208L;208;0;
153554;7.05;5;2;MOBILUX EP 2 12x0.39KG;0,39;0;
127579;7.10;5;2;MOBIL ATF SHC 20L;20;0;
153550;7.10;5;2;MOBIL GREASE SP 12x0.39KG;0,39;0;
142819;7.15;5;2;MOBIL 1 RACING 4T 15W-50 1L;1;0;
145647;7.19;5;2;MOBIL POLYREX EM 180KG ;180;0;
127797;7.21;5;2;MOBIL GLYGOYLE 30** 1000L;1000;0;
123024;7.27;5;2;MOBIL GLYGOYLE 11** 20L;20;0;
154412;7.32;5;2;MOBIL POLYREX EM 180KG;180;0;
148815;7.34;5;2;MOBIL GLYGOYLE 220 208L;208;0;
153372;7.36;5;2;MOBIL ATF 134 FE 1L;1;0;
153470;7.46;5;2;MOBIL DELVAC 1 GEAR OIL LS 75W-90 208L;208;0;
153496;7.49;5;2;MOBIL DELVAC 1 ATF 208L;208;0;
142803;7.50;5;2;MOBILUBE 1 SHC  75W-90 1L;1;0;
154684;7.54;5;2;MOBIL CENTAUR XHP 221 180KG;180;0;
POS400M;7.56;5;2;MOBIL PENETRATING OIL SPRAY 12x0,4L;0,4;0;
148816;7.58;5;2;MOBIL GLYGOYLE 220 20L;20;0;
154414;7.66;5;2;MOBIL POLYREX EM 16KG;16;0;
122538;7.69;5;2;MOBIL GARGOYLE ARCTIC SHC 224  208L;208;0;
148817;7.69;5;2;MOBIL GLYGOYLE 320 208L;208;0;
148820;7.69;5;2;MOBIL GLYGOYLE 460 208L;208;0;
148822;7.69;5;2;MOBIL GLYGOYLE 680 208L;208;0;
153562;7.72;5;2;MOBIL UNIREX N 2 12x0.39KG;0,39;0;
153562;7.72;5;2;MOBIL UNIREX N 2 12x0.39KG;0,39;0;
122553;7.74;5;2;MOBIL GARGOYLE ARCTIC SHC 226E 208L;208;0;
122557;7.74;5;2;MOBIL GARGOYLE ARCTIC SHC 228 208L;208;0;
122568;7.74;5;2;MOBIL GARGOYLE ARCTIC SHC 230 208L;208;0;
150791;7.74;5;2;MOBIL SHC CIBUS 68 20L;20;0;
151544;7.74;5;2;MOBILGREASE XHP 322 MINE 18KG;18;0;
154692;7.77;5;2;MOBIL CENTAUR XHP 221 18KG;18;0;
154689;7.77;5;2;MOBIL CENTAUR XHP 221 50KG;50;0;
153472;7.79;5;2;MOBIL DELVAC 1 GEAR OIL LS 75W-90 20L;20;0;
151850;7.81;5;2;MOBIL SHC 624 208L;208;0;
153497;7.82;5;2;MOBIL DELVAC 1 ATF 20L;20;0;
SSP500M;7.82;5;2;MOBIL SILICONE SPRAY 12x0,5L;0,5;0;
150784;7.85;5;2;MOBIL SHC CIBUS 32 208L;208;0;
150787;7.85;5;2;MOBIL SHC CIBUS 46 208L;208;0;
150790;7.85;5;2;MOBIL SHC CIBUS 68 208L;208;0;
122771;7.87;5;2;MOBILGEAR OGL 007** 180KG;180;0;
122771;7.87;5;2;MOBILGEAR OGL 007** 180KG;180;0;
148818;7.93;5;2;MOBIL GLYGOYLE 320 20L;20;0;
148821;7.93;5;2;MOBIL GLYGOYLE 460 20L;20;0;
148823;7.93;5;2;MOBIL GLYGOYLE 680 20L;20;0;
127636;7.98;5;2;MOBIL GARGOYLE ARCTIC SHC 224  20L;20;0;
122554;7.98;5;2;MOBIL GARGOYLE ARCTIC SHC 226E 20L;20;0;
DG400M;7.98;5;2;MOBIL DEGREASER SPRAY 12x0,4L;0,4;0;
125373;8.05;5;2;MOBIL RARUS SHC 1025 208L;208;0;
151851;8.05;5;2;MOBIL SHC 624 20L;20;0;
150785;8.09;5;2;MOBIL SHC CIBUS 32 20L;20;0;
150788;8.09;5;2;MOBIL SHC CIBUS 46 20L;20;0;
151815;8.10;5;2;MOBIL SHC 630 20L;20;0;
153458;8.17;5;2;MOBIL DELVAC 1 GEAR OIL 75W-140 20L;20;0;
151855;8.17;5;2;MOBIL SHC 626 20L;20;0;
151859;8.17;5;2;MOBIL SHC 629 20L;20;0;
142851;8.18;5;2;MOBIL 1 RACING 2T 1L;1;0;
151861;8.18;5;2;MOBIL SHC 632 208L;208;0;
151861;8.18;5;2;MOBIL SHC 632 208L;208;0;
144567;8.21;5;2;MOBIL GEAR OGL 007** 18KG;18;0;
150793;8.21;5;2;MOBIL SHC CIBUS 220 208L;208;0;
122563;8.24;5;2;MOBIL GARGOYLE ARCTIC SHC 228 20L;20;0;
125376;8.25;5;2;MOBIL RARUS SHC 1025 20L;20;0;
153566;8.38;5;2;MOBIL UNIREX N 3 12x0.39KG;0,39;0;
122849;8.42;5;2;MOBILGEAR SHC XMP 320, 208L;208;0;
CO400M;8.43;5;2;MOBIL CHAIN OIL SPRAY 12x0,4L;0,4;0;
150820;8.45;5;2;MOBIL SHC CIBUS 150 208L;208;0;
151468;8.46;5;2;MOBIL SHC GREASE 320 WT 1000L;1000;0;
151469;8.46;5;2;MOBIL SHC GREASE 320 WT 208L;208;0;
125322;8.47;5;2;MOBIL SHC 526 208L;208;0;
120958;8.47;5;2;MOBIL AERO HFA 208.2L/55USG;208;0;
151862;8.48;5;2;MOBIL SHC 632 20L;20;0;
151862;8.48;5;2;MOBIL SHC 632 20L;20;0;
153397;8.48;5;2;MOBIL SHC HYDRAULIC EAL 46 208L;208;0;
153399;8.48;5;2;MOBIL SHC HYDRAULIC EAL 68 208L;208;0;
154599;8.51;5;2;MOBIL CENTAUR XHP 461 12x0.39KG;0,39;0;
125370;8.51;5;2;MOBIL RARUS SHC 1024 20L;20;0;
125382;8.51;5;2;MOBIL RARUS SHC 1026 20L;20;0;
125569;8.54;5;2;MOBIL SHC 824 208L;208;0;
131338;8.54;5;2;MOBIL SHC 825 208L/55USG;208;0;
149399;8.55;5;2;MOBIL WYROL BG 320 206KG;206;0;
150796;8.57;5;2;MOBIL SHC CIBUS 320 20L;208;0;
150799;8.57;5;2;MOBIL SHC CIBUS 460 208L;208;0;
151854;8.66;5;2;MOBIL SHC 626 208L;208;0;
151858;8.66;5;2;MOBIL SHC 629 208L;208;0;
151814;8.66;5;2;MOBIL SHC 630 208L;208;0;
122852;8.66;5;2;MOBILGEAR SHC XMP 320 20L;20;0;
149398;8.67;5;2;MOBIL WYROL BG 220 206KG;206;0;
150794;8.69;5;2;MOBIL SHC CIBUS 220 20L;20;0;
151470;8.69;5;2;MOBIL SHC GREASE 320 WT 20L;20;0;
153400;8.71;5;2;MOBIL SHC HYDRAULIC EAL 68 20L;20;0;
153552;8.71;5;2;MOBILGREASE XHP 222 12x0.39KG;0,39;0;
127659;8.72;5;2;MOBIL SHC 524 20L;20;0;
125316;8.74;5;2;MOBIL SHC 525 208L;208;0;
120962;8.75;5;2;MOBIL AERO HFA 5USG;18;0;
150821;8.76;5;2;MOBIL SHC CIBUS 150 20L;20;0;
GPTFE500M;8.77;5;2;MOBIL GREASE PTFE SPRAY 12x0,5L;0,5;0;
125379;8.78;5;2;MOBIL RARUS SHC 1026 208L;208;0;
150797;8.81;5;2;MOBIL SHC CIBUS 320 20L;20;0;
150800;8.82;5;2;MOBIL SHC CIBUS 460 20L;20;0;
125309;8.83;5;2;MOBIL SHC 524 208L;208;0;
151578;8.85;5;2;MOBIL RARUS 827  20L/5USG;20;0;
151711;8.85;5;2;MOBIL RARUS 829  20L/5USG;20;0;
120950;8.87;5;2;MOBIL AERO HF 55USG;208;0;
149045;8.92;5;2;MOBIL POLYREX EM 103 16KG;16;0;
HT600M;9.01;5;2;MOBIL HIGH TEMPERATURE SPRAY 12x0,6L;0,6;0;
152360;9.05;5;2;MOBIL SHC CIBUS 100 20L;20;0;
120953;9.05;5;2;MOBIL AERO HF  5USG;18;0;
125369;9.06;5;2;MOBIL RARUS SHC 1024 208L;208;0;
151579;9.20;5;2;MOBIL RARUS 827 208L/55USG;208;0;
151710;9.25;5;2;MOBIL RARUS 829 55USG;208;0;
151817;9.26;5;2;MOBIL SHC 634 208L;208;0;
151864;9.38;5;2;MOBIL SHC 639 208L;208;0;
125245;9.50;5;2;MOBIL PYROLUBE 830 208L;208;0;
151818;9.50;5;2;MOBIL SHC 634 20L;20;0;
154602;9.57;5;2;MOBIL CENTAUR XHP 462 12x0.39KG;0,39;0;
151865;9.62;5;2;MOBIL SHC 639 20L;20;0;
BX400M;9.70;5;2;MOBIL ANTI-FRICTION SPRAY 12x0,4L;0,4;0;
127782;9.74;5;2;MOBIL PYROLUBE 830 20L;20;0;
152837;9.93;5;2;MOBIL SHC CHAIN 240, 208L;208;0;
122279;10.07;5;2;MOBIL EAL ARCTIC 68 20L;20;0;
146268;10.40;5;2;MOBIL EAL ARCTIC 46 20L;20;0;
154409;10.55;5;2;MOBIL POLYREX EM 12x0.39KG;0,39;0;
153560;10.64;5;2;MOBIL POLYREX EM 12x0.39KG;0,39;0;
124712;10.70;5;2;MOBILTAC 375 NC 18KG/38LB;18;0;
PTFE500M;10.82;5;2;MOBIL PTFE SPRAY 12x0,5L;0,5;0;
154504;10.83;5;2;MOBIL POLYREX EM 12x0.39KG;0,39;0;
122228;10.90;5;2;MOBIL EAL ARCTIC 100 208L;208;0;
122276;10.90;5;2;MOBIL EAL ARCTIC 68 208L;208;0;
154682;10.99;5;2;MOBIL CENTAUR XHP 221 12x0.39KG;0,39;0;
151650;11.03;5;2;MOBIL SHC GEAR 150 208L;208;0;
151653;11.07;5;2;MOBIL SHC GEAR 220 208L;208;0;
152764;11.11;5;2;MOBIL SHC RARUS 32 208L;208;0;
152766;11.11;5;2;MOBIL SHC RARUS 46 208L;208;0;
152768;11.11;5;2;MOBIL SHC RARUS 68 208L;208;0;
146457;11.14;5;2;MOBIL EAL ARCTIC 22CC 5L;5;0;
122230;11.15;5;2;MOBIL EAL ARCTIC 100 20L;20;0;
146455;11.15;5;2;MOBIL EAL ARCTIC 22 5L;5;0;
146260;11.15;5;2;MOBIL EAL ARCTIC 22CC 20L;20;0;
146458;11.15;5;2;MOBIL EAL ARCTIC 32 5L;5;0;
151664;11.27;5;2;MOBIL SHC GEAR 320 20L;20;0;
153499;11.28;5;2;MOBIL DELVAC 1 TRANSMISSION FLUID MBT 75W-90 208L;208;0;
151651;11.31;5;2;MOBIL SHC GEAR 150 20L;20;0;
151655;11.31;5;2;MOBIL SHC GEAR 220 20L;20;0;
151656;11.31;5;2;MOBIL SHC GEAR 460  208L;208;0;
152765;11.36;5;2;MOBIL SHC RARUS 32 20L;20;0;
152767;11.36;5;2;MOBIL SHC RARUS 46 20L;20;0;
152769;11.36;5;2;MOBIL SHC RARUS 68 20L;20;0;
149822;11.42;5;2;MOBIL SHC GREASE 460 WT 174KG;174;0;
151663;11.45;5;2;MOBIL SHC GEAR 320 208L;208;0;
151659;11.70;5;2;MOBIL SHC GEAR 680  208L;208;0;
149823;11.70;5;2;MOBIL SHC GREASE 460 WT 16KG;16;0;
151657;12.02;5;2;MOBIL SHC GEAR 460 20L;20;0;
148360;12.42;5;2;MOBILGREASE FM 222 16KG;16;0;
150351;12.44;5;2;MOBIL POLYREX EM 103 12x0,4KG;0,4;0;
131289;13.26;5;2;MOBIL AVREX S TURBO 256 24X0,25USG;1;0;
147800;13.37;5;2;MOBILITH SHC 220 16KG;16;0;
149049;13.38;5;2;MOBILITH SHC 007 PAIL 16KG/35.2LB;16;0;
151669;13.97;5;2;MOBIL SHC GEAR 46M  208L/390LB;208;0;
148996;14.24;5;2;MOBILITH SHC 460 16KG;16;0;
148991;14.39;5;2;MOBILITH SHC 220 174KG;174;0;
148994;14.50;5;2;MOBILITH SHC 460 174KG;174;0;
151668;14.56;5;2;MOBIL SHC GEAR 22M 208L/390LB;208;0;
149047;14.70;5;2;MOBILITH SHC 007 163KG;163;0;
148995;14.76;5;2;MOBILITH SHC 460 50KG;50;0;
108209;14.82;5;2;MOBIL BEACON 325 16KG/35LB;16;0;
148983;14.86;5;2;MOBILTEMP SHC 100 18KG;18;0;
124781;14.86;5;2;MOBILTEMP SHC 100 50KG;50;0;
124436;14.87;5;2;MOBILJET OIL II 208L/55USG;208;0;
148990;15.03;5;2;MOBILITH SHC 1500 16KG;16;0;
124434;15.09;5;2;MOBILJET II 24X1L/0.25USG;1;0;
148992;15.28;5;2;MOBILITH SHC 220 50KG;50;0;
124398;15.29;5;2;MOBILITH SHC 100 16KG;16;0;
124431;15.70;5;2;MOBILJET 254, 55USG;208;0;
154919;15.90;5;2;MOBIL PYROTEC HFD 46 B 230KG;230;0;
124429;15.91;5;2;M-MOBILJET 254 24X0.25USG;1;0;
143996;16.07;5;2;MOBILTEMP SHC 460 SPL 18KG;18;0;
149001;16.19;5;2;MOBILITH SHC PM 460 50KG;50;0;
149002;16.23;5;2;MOBILITH SHC PM 460 16KG;16;0;
125253;16.65;5;2;MOBIL PYROTEC HFD 46 230KG;230;0;
124792;16.98;5;2;MOBILTEMP SHC 32  PAIL 16KG/35LB;16;0;
148999;17.03;5;2;MOBILITH SHC PM 220 16KG;16;0;
151075;17.17;5;2;MOBIL SHC POLYREX 222 16KG/35.2LB;16;0;
149612;18.02;5;2;MOBILITH SHC 220 12x0.38KG;0,38;0;
149611;18.11;5;2;MOBILITH SHC 100 12x0.38KG;0,38;0;
149613;18.18;5;2;MOBILITH SHC 460 12x0.38KG;0,38;0;
149998;18.65;5;2;MOBIL SHC POLYREX 462 16KG/35.2LB;16;0;
149617;18.84;5;2;MOBILTEMP SHC 100 12x0.38KG;0,38;0;
150923;19.02;5;2;MOBIL SHC POLYREX 005 16KG;16;0;
101821;20.09;5;2;MOBIL HYJET IV-A PLUS 55USG;208;0;
101823;20.71;5;2;MOBIL HYJET IV-A PLUS 24X0.25USG;1;0;
105479;20.78;5;2;MOBIL HYJET IV-A PLUS 5USG;18;0;
100321;21.10;5;2;MOBIL HYJET IV-A PLUS 6X1USG;4;0;
150584;22.18;5;2;MOBIL HYJET V 24X0.25USG;1;0;
150583;22.57;5;2;MOBIL HYJET V 6x1USG;1;0;
149087;22.57;5;2;MOBIL HYJET V 5USG;5;0;
149549;31.60;5;2;MOBILGREASE 33 16KG;16;0;
149854;32.58;5;2;MOBILGREASE 28 174KG;174;0;
149851;32.98;5;2;MOBIL AVIATION GREASE SHC 100 16KG;16;0;
149858;33.67;5;2;MOBILGREASE 28 50KG;50;0;
149853;33.95;5;2;MOBILGREASE 28 16KG;16;0;
150526;37.33;5;2;MOBILGREASE 33 4X2KG;2;0;
149420;39.52;5;2;MOBILGREASE 28 4X2KG;2;0;
153424;39.87;5;2;MOBILGREASE 28 40X0.38KG/13.4OZ;0,38;0;
149421;40.69;5;2;MOBIL AVIATION GREASE SHC 100 4X2KG;2;0;
153425;42.98;5;2;MOBIL GREASE 33 40X0.38KG/13.4OZ;0,38;0;
