kod;cena;a;b;nazov
155137;1.81;5;2;Mobil HYDRAULIC AW 32
155141;1.81;5;2;Mobil HYDRAULIC AW 46
155146;1.81;5;2;Mobil HYDRAULIC AW 68
155138;1.98;5;2;Mobil HYDRAULIC AW 32 1000L
155139;1.98;5;2;Mobil HYDRAULIC AW 32 208L
155142;1.98;5;2;Mobil HYDRAULIC AW 46 1000L
155140;1.98;5;2;Mobil HYDRAULIC AW 46 208L
155148;1.98;5;2;Mobil HYDRAULIC AW 68 1000L
155147;1.98;5;2;Mobil HYDRAULIC AW 68 208L
150797;10.00;5;2;Mobil SHC CIBUS 320 20L
150800;10.01;5;2;Mobil SHC CIBUS 460 20L
125379;10.02;5;2;Mobil RARUS SHC 1026 208L
125309;10.07;5;2;Mobil SHC 524 208L
154728;10.08;5;2;Mobil RARUS SHC 1024 208L
151578;10.09;5;2;Mobil RARUS 827  20L/5USG
151711;10.09;5;2;Mobil RARUS 829  20L/5USG
122849;10.20;5;2;MOBILGEAR SHC XMP 320  208L
152360;10.24;5;2;Mobil SHC CIBUS 100 20L
149045;10.27;5;2;Mobil POLYREX EM 103 16KG
154729;10.31;5;2;Mobil RARUS HC 1024 20L
122852;10.43;5;2;MOBILGEAR SHC XMP 320  20L
151579;10.44;5;2;Mobil RARUS 827 208L/55USG
151710;10.49;5;2;Mobil RARUS 829 208L/55USG
151817;10.50;5;2;Mobil SHC 634 208L
151988;10.54;5;2;Mobil SHC 627 208L
151864;10.62;5;2;Mobil SHC 639 208L
125245;10.74;5;2;Mobil PYROLUBE 830 208L
151818;10.74;5;2;Mobil SHC 634 20L
153552;10.76;5;2;MOBILGREASE XHP 222 12x0,39KG
PTFE500M;10.84;5;2;Mobil PTFE SPRAY 12x0,5L
151865;10.86;5;2;Mobil SHC 639 20L
122279;10.95;5;2;Mobil EAL ARCTIC 68 20L
127782;10.98;5;2;Mobil PYROLUBE 830 20L
152837;11.17;5;2;Mobil SHC CHAIN 240, 208L
146460;11.18;5;2;Mobil EAL ARCTIC 68 5L
146268;11.48;5;2;Mobil EAL ARCTIC 46 20L
122228;11.59;5;2;Mobil EAL ARCTIC 100 208L
153562;11.71;5;2;Mobil UNIREX N 2 12x0,39KG
146457;11.74;5;2;Mobil EAL ARCTIC 22CC 5L
122276;11.76;5;2;Mobil EAL ARCTIC 68 208L
146260;11.82;5;2;Mobil EAL ARCTIC 22CC 20L
152764;11.83;5;2;Mobil SHC RARUS 32 208L
152766;11.83;5;2;Mobil SHC RARUS 46 208L
152768;11.83;5;2;Mobil SHC RARUS 68 208L
124712;11.92;5;2;MOBILTAC 375 NC 18KG/38LB
122230;11.98;5;2;Mobil EAL ARCTIC 100 20L
152765;12.08;5;2;Mobil SHC RARUS 32 20L
152767;12.08;5;2;Mobil SHC RARUS 46 20L
152769;12.08;5;2;Mobil SHC RARUS 68 20L
151650;12.27;5;2;Mobil SHC GEAR 150 208L
154409;12.29;5;2;Mobil POLYREX EM  0,39KG
151653;12.31;5;2;Mobil SHC GEAR 220 208L
154682;12.34;5;2;Mobil CENTAUR XHP 221 12x0,39KG
154599;12.42;5;2;Mobil CENTAUR XHP 461 12x0,39KG
153566;12.42;5;2;Mobil UNIREX N 3 12x0,39KG
153499;12.47;5;2;Mobil DELVAC 1 TRANSMISSION FLUID MBT 75W-90 208L
151664;12.51;5;2;Mobil SHC GEAR 320 20L
120958;12.53;5;2;Mobil AERO HFA 208L/55USG
151651;12.55;5;2;Mobil SHC GEAR 150 20L
151655;12.55;5;2;Mobil SHC GEAR 220 20L
151656;12.55;5;2;Mobil SHC GEAR 460  208L
120962;12.55;5;2;Mobil AERO HFA 5USG
154602;12.56;5;2;Mobil CENTAUR XHP 462 12x0,39KG
120950;12.66;5;2;Mobil AERO HF 208L/55USG
120953;12.67;5;2;Mobil AERO HF  5USG
149822;12.68;5;2;Mobil SHC GREASE 460 WT 174KG
151663;12.69;5;2;Mobil SHC GEAR 320 208L
155191;12.81;5;2;Mobil SHC GREASE 461 WT 174KG
151659;12.94;5;2;Mobil SHC GEAR 680  208L
149823;12.96;5;2;Mobil SHC GREASE 460 WT 16KG
155193;13.07;5;2;Mobil SHC GREASE 461 WT 16KG
151657;13.26;5;2;Mobil SHC GEAR 460 20L
148360;13.77;5;2;MOBILGREASE FM 222 16KG
156029;13.84;5;2;Mobil SHC AVARE HYDRAULIC 46 208L
153559;14.30;5;2;Mobil POLYREX EM 103 12x0,39KG
147800;14.63;5;2;MOBILITH SHC 220 16KG
149049;14.64;5;2;MOBILITH SHC 007 PAIL 16KG/35.2LB
152371;15.21;5;2;Mobil SHC AVARE HYDRAULIC 32 208L
151669;15.21;5;2;Mobil SHC GEAR 46M  208L/390LB
148996;15.50;5;2;MOBILITH SHC 460 16KG
148991;15.65;5;2;MOBILITH SHC 220 174KG
148994;15.76;5;2;MOBILITH SHC 460 174KG
151668;15.80;5;2;Mobil SHC GEAR 22M 208L/390LB
149047;15.96;5;2;MOBILITH SHC 007 163KG
148995;16.02;5;2;MOBILITH SHC 460 50KG
148983;16.12;5;2;MOBILTEMP SHC 100 18KG
124781;16.12;5;2;MOBILTEMP SHC 100 50KG
148990;16.29;5;2;MOBILITH SHC 1500 16KG
148992;16.54;5;2;MOBILITH SHC 220 50KG
124398;16.55;5;2;MOBILITH SHC 100 16KG
155194;16.69;5;2;Mobil SHC GREASE 461 WT 12x0,38KG
124436;16.78;5;2;MOBILJET OIL II 208L/55USG
124434;16.79;5;2;MOBILJET II 24X1L-0.25USG
143996;17.33;5;2;MOBILTEMP SHC 460 SPL 18KG
149001;17.45;5;2;MOBILITH SHC PM 460 50KG
149751;17.48;5;2;Mobil SHC GREASE 102 EAL 16KG
149002;17.49;5;2;MOBILITH SHC PM 460 16KG
154919;17.64;5;2;Mobil PYROTEC HFD 46 B 230KG
124792;18.22;5;2;MOBILTEMP SHC 32  PAIL 16KG/35LB
148999;18.29;5;2;MOBILITH SHC PM 220 16KG
124431;18.30;5;2;MOBILJET 254, 208L/55USG
124429;18.31;5;2;MOBILJET 254 24X1L-0.25USG
151075;18.43;5;2;Mobil SHC POLYREX 222 16KG/35.2LB
149612;19.28;5;2;MOBILITH SHC 220 12x0,38KG
149611;19.37;5;2;MOBILITH SHC 100 12x0,38KG
149613;19.44;5;2;MOBILITH SHC 460 120,38KG
149998;19.91;5;2;Mobil SHC POLYREX 462 16KG/35.2LB
150906;2.32;5;2;Mobil BRAKE FLUID DOT 4  12x0,5L
145190;2.53;5;2;Mobil ANTIFREEZE Extra 1000L
111714;2.65;5;2;NUTO H 32 208L
102167;2.67;5;2;NUTO H 46
111715;2.67;5;2;NUTO H 46 208L
144970;2.70;5;2;Mobil HYDRAULIC HLPD 46** 208L
111768;2.78;5;2;Mobil UNIVIS N 46 208L
144973;2.83;5;2;Mobil HYDRAULIC OIL HLPD 68 208L
111716;2.94;5;2;NUTO H 68 208L
153451;20.02;5;2;MOBILGREASE FM 222 10x0,39KG
149617;20.10;5;2;MOBILTEMP SHC 100 120,38KG
150923;20.28;5;2;Mobil SHC POLYREX 005 16KG
154504;21.63;5;2;Mobil POLYREX EM 12x0,39KG
101821;24.96;5;2;Mobil HYJET IV-A PLUS 208L/55USG
101823;24.99;5;2;Mobil HYJET IV-A PLUS 24X1L-0.25USG
105479;24.99;5;2;Mobil HYJET IV-A PLUS 5USG
100321;25.00;5;2;Mobil HYJET IV-A PLUS 6x1USG
150584;26.79;5;2;Mobil HYJET V 24X0.25USG
149087;26.80;5;2;Mobil HYJET V 5USG
150583;26.80;5;2;Mobil HYJET V 6x1USG
144279;3.01;5;2;Mobil ANTIFREEZE 208L
104420;3.02;5;2;Mobil DELVAC MX 15W-40
144967;3.02;5;2;Mobil HYDRAULIC HLPD 32** 208L
146320;3.03;5;2;Mobil DELVAC SUPER 1400 15W-40
110950;3.03;5;2;NUTO H 32 20L
111451;3.03;5;2;NUTO H 46 20L
111767;3.08;5;2;Mobil UNIVIS N 32 208L
141433;3.13;5;2;NUTO H 46 1000L
125101;3.15;5;2;Mobil PEGASUS 705 208L
121641;3.17;5;2;Mobil DELVAC MX 15W-40 208L
121643;3.19;5;2;Mobil DELVAC MX 15W-40 1000L
146321;3.19;5;2;Mobil DELVAC SUPER 1400 15W-40 1000L
146322;3.19;5;2;Mobil DELVAC SUPER 1400 15W-40 208L
141621;3.19;5;2;Mobil DELVAC SUPER 20W-50 208L
111461;3.22;5;2;NUTO H 68 20L
151228;3.26;5;2;Mobil HYDRAULIC 10W 208L
111444;3.27;5;2;Mobil UNIVIS N 46 20L
121645;3.28;5;2;Mobil DELVAC MX 15W-40 60L
151154;3.29;5;2;Mobil ANTIFREEZE ADVANCED 5L
122530;3.29;5;2;Mobil GARGOYLE ARCTIC C HEAVY 208L
125089;3.29;5;2;Mobil PEGASUS 610 208L
150572;3.30;5;2;Mobil Super 2000 X1 10W-40 60L
151157;3.30;5;2;Mobil ANTIFREEZE EXTRA 1L
124226;3.30;5;2;MOBILFLUID 424 208L
141419;3.30;5;2;Mobil UNIVIS N 46 1000L
122520;3.31;5;2;Mobil GARGOYLE ARCTIC 300 208L
111769;3.32;5;2;Mobil UNIVIS N 68 208L
121545;3.34;5;2;Mobil DELVAC 1330 208L
121565;3.34;5;2;Mobil DELVAC 1340 208L
151562;3.34;5;2;Mobil VACTRA NO 2
121523;3.35;5;2;Mobil DELVAC 1320 208L
153848;3.35;5;2;Mobil DELVAC MX ESP 15W-40 208L
144714;3.36;5;2;Mobil DELVAC MX EXTRA 10W-40
121650;3.38;5;2;Mobil DELVAC MX 15W-40 20L
155071;3.38;5;2;Mobil DTE 25 ULTRA
104411;3.39;5;2;Mobil PEGASUS 705
125090;3.40;5;2;Mobil PEGASUS 610 1000L
111430;3.40;5;2;Mobil UNIVIS N 32 20L
146323;3.41;5;2;Mobil DELVAC SUPER 1400 15W-40 60L
153852;3.43;5;2;Mobil DELVAC MX ESP 10W-30 208L
150024;3.46;5;2;Mobil Super 1000 X1 15W-40 208L
151557;3.46;5;2;Mobil VACTRA NO 1
153854;3.47;5;2;Mobil DELVAC MX ESP 10W-30 1000L
153854;3.47;5;2;Mobil DELVAC MX ESP 10W-30 1000L
125110;3.47;5;2;Mobil PEGASUS 710 208L
104413;3.49;5;2;Mobil PEGASUS 710
151156;3.50;5;2;Mobil ANTIFREEZE 5L
104432;3.50;5;2;Mobil PEGASUS 610
151744;3.50;5;2;MOBILTHERM 605 1000L
121053;3.51;5;2;Mobil AGRI SUPER 15W-40 208L
127616;3.51;5;2;Mobil DELVAC 1330 20L
151745;3.51;5;2;MOBILTHERM 605 208L
151746;3.51;5;2;MOBILTHERM 605 20L
150015;3.52;5;2;Mobil Super 2000 X1 10W-40 208L
144716;3.52;5;2;Mobil DELVAC MX EXTRA 10W-40 208L
146324;3.52;5;2;Mobil DELVAC SUPER 1400 15W-40 20L
151560;3.53;5;2;Mobil VACTRA NO 2 208L
155627;3.54;5;2;MOBILFLUID 428 208L
153709;3.54;5;2;Mobil GARGOYLE ARCTIC 68 NH, 208L
125109;3.54;5;2;Mobil PEGASUS 705 20L
124227;3.55;5;2;MOBILFLUID 424 1000L
155231;3.55;5;2;Mobil DTE 24 ULTRA 208L
155171;3.55;5;2;Mobil DTE 25 ULTRA 1000L
155202;3.55;5;2;Mobil DTE 25 ULTRA 208L
155223;3.55;5;2;Mobil DTE 26 ULTRA 208L
154121;3.56;5;2;Mobil DELVAC HD 10W-40 208L
155445;3.56;5;2;JENBACHER N OIL 40
121056;3.57;5;2;Mobil AGRI SUPER 15W-40 60L
154923;3.57;5;2;Mobil DELVAC MX ESP 15W-40 60L
143421;3.57;5;2;SOMENTOR 44 208L
144271;3.58;5;2;Mobil ANTIFREEZE ADVANCED 208L
104416;3.58;5;2;Mobil DELVAC XHP EXT 10W-40
151230;3.59;5;2;Mobil HYDRAULIC 10W 20L
154856;3.59;5;2;Mobil PEGASUS 610 ULTRA 208L
149641;3.59;5;2;MOBILGEAR 600 XP 220
122531;3.60;5;2;Mobil GARGOYLE ARCTIC C HEAVY 20L
150063;3.60;5;2;Mobil RARUS PE R 220
144717;3.61;5;2;Mobil DELVAC MX EXTRA 10W-40 60L
144272;3.62;5;2;Mobil ANTIFREEZE ADVANCED 20L
144275;3.62;5;2;Mobil ANTIFREEZE EXTRA 208L
127583;3.63;5;2;Mobil GARGOYLE ARCTIC 155 20L
111462;3.64;5;2;Mobil UNIVIS N 68 20L
149632;3.65;5;2;MOBILGEAR 600 XP 100 208L
149637;3.65;5;2;MOBILGEAR 600 XP 150 208L
149642;3.65;5;2;MOBILGEAR 600 XP 220 208L
150016;3.66;5;2;Mobil Super 2000 X1 10W-40 20L
153732;3.66;5;2;Mobil Super 2000 X1 10W-40 20L BAG-IN-BOX
151564;3.66;5;2;Mobil VACTRA NO 2 20L
150147;3.67;5;2;Mobil PEGASUS 1005 208L
124800;3.67;5;2;MOBILTHERM 603 208L
144276;3.68;5;2;Mobil ANTIFREEZE EXTRA 20L
149647;3.68;5;2;MOBILGEAR 600 XP 320 208L
120980;3.69;5;2;Mobil AGRI EXTRA 10W-40 208L
154857;3.70;5;2;Mobil PEGASUS 610 ULTRA 1000L
710928;3.71;5;2;Mobil ANTIFREEZE Ultra 208L
157157;3.71;5;2;Mobil DTE HYDRAULIC  ZINC FREE 32 208L
157162;3.71;5;2;Mobil DTE HYDRAULIC  ZINC FREE 46 1000L
157161;3.71;5;2;Mobil DTE HYDRAULIC  ZINC FREE 46 208L
157166;3.71;5;2;Mobil DTE HYDRAULIC  ZINC FREE 68 20L
127624;3.71;5;2;Mobil GARGOYLE ARCTIC 300 20L
122365;3.72;5;2;Mobil EXTRA 2T 208L
145344;3.72;5;2;Mobil DELVAC 1630 208L
145348;3.72;5;2;Mobil DELVAC 1640 208L
144718;3.72;5;2;Mobil DELVAC MX EXTRA 10W-40 20L
123587;3.72;5;2;MOBILUBE HD 85W-140 208L
155723;3.73;5;2;JENBACHER N OIL 40 1000L
155725;3.73;5;2;JENBACHER N OIL 40 208L
125102;3.73;5;2;Mobil PEGASUS 705 1000L
151558;3.73;5;2;Mobil VACTRA NO 1 208L
151572;3.73;5;2;Mobil VACTRA NO 3 208L
151568;3.73;5;2;Mobil VACTRA NO 4 208L
151570;3.73;5;2;Mobil VACTRA NO 4 20L
153849;3.74;5;2;Mobil DELVAC MX ESP 15W-40 20L
152809;3.74;5;2;Mobil DELVAC XHP ESP 10W-40 208L
123771;3.74;5;2;MOBILUBE GX 80W-90 208L
123570;3.74;5;2;MOBILUBE HD 80W-90 208L
155226;3.74;5;2;Mobil DTE 27 ULTRA 208L
149610;3.75;5;2;MOBILGEAR 600 XP 68 208L
153856;3.76;5;2;Mobil DELVAC MX ESP 10W-30 20L
122867;3.76;5;2;MOBILGEAR XMP 220 208L
152808;3.77;5;2;Mobil DELVAC XHP ESP 10W-40
149663;3.77;5;2;MOBILGEAR 600 XP 68 20L
150865;3.78;5;2;Mobil Super 2000 X1 10W-40 4L
157097;3.78;5;2;Mobil (Vactra) SLIDEWAY OIL ULTRA 68 208L
155233;3.78;5;2;Mobil DTE 24 ULTRA 20L
155203;3.78;5;2;Mobil DTE 25 ULTRA 20L
155224;3.78;5;2;Mobil DTE 26 ULTRA 20L
149640;3.78;5;2;MOBILGEAR 600 XP 150 20L
150064;3.79;5;2;Mobil RARUS PE R 220 208L
141770;3.79;5;2;SOMENTOR AH 45 208L
121732;3.81;5;2;Mobil DELVAC XHP EXTRA  10W-40 208L
153711;3.81;5;2;Mobil GARGOYLE ARCTIC 68 NH 20L
121735;3.82;5;2;Mobil DELVAC XHP EXTRA  10W-40 60L
149964;3.83;5;2;Mobil DTE 732
125111;3.83;5;2;Mobil PEGASUS 710 1000L
150869;3.84;5;2;Mobil Super 2000 X1 DIESEL 10W-40 4L
151158;3.84;5;2;Mobil ANTIFREEZE EXTRA 5L
143911;3.84;5;2;MOBILUBE HD-A 85W-90 1000L
143912;3.84;5;2;MOBILUBE HD-A 85W-90 208L
121058;3.85;5;2;Mobil AGRI SUPER 15W-40 20L
143943;3.86;5;2;MOBILUBE GX-A 80W 208L
126554;3.86;5;2;Mobil VACUOLINE 525 208L
124693;3.87;5;2;MOBILTRANS HD 10W 208L
124701;3.87;5;2;MOBILTRANS HD 30 208L
124838;3.87;5;2;MOBILTRANS HD 50 208L
149645;3.87;5;2;MOBILGEAR 600 XP 220 20L
150561;3.88;5;2;Mobil Super 1000 X1 15W-40 60L
150148;3.88;5;2;Mobil PEGASUS 1005
125114;3.89;5;2;Mobil PEGASUS 710 20L
152127;3.89;5;2;SOMENTOR AH 70 208L
124203;3.90;5;2;MOBILFLUID 125 20L
156582;3.90;5;2;Mobil DTE 10 EXCEL 46
127732;3.91;5;2;MOBILUBE HD 80W-90 20L
124805;3.92;5;2;MOBILTHERM 603 20L
124231;3.93;5;2;MOBILFLUID 424 20L
149638;3.93;5;2;MOBILGEAR 600 XP 150 1000L
149643;3.93;5;2;MOBILGEAR 600 XP 220 1000L
151524;3.94;5;2;Mobil Super 3000 X1 FORMULA FE 5W-30 60L
120982;3.94;5;2;Mobil AGRI EXTRA 10W40 60L
157160;3.94;5;2;Mobil DTE HYDRAULIC  ZINC FREE 32 20L
157164;3.94;5;2;Mobil DTE HYDRAULIC  ZINC FREE 46 20L
157180;3.94;5;2;Mobil DTE HYDRAULIC  ZINC FREE 68 20L
154670;3.95;5;2;Mobil DELVAC HD 10W-40 20L
122174;3.96;5;2;Mobil DTE OIL MEDIUM
155629;3.97;5;2;MOBILFLUID 428 20L
155228;3.97;5;2;Mobil DTE 27 ULTRA 20L
151559;3.97;5;2;Mobil VACTRA NO 1 20L
153996;3.98;5;2;Mobil PEGASUS 1007 208L
126536;3.99;5;2;Mobil VACUOLINE 148 208L
149635;3.99;5;2;MOBILGEAR 600 XP 100 20L
124819;3.99;5;2;MOBILTHERM 610 208L
149549;31.63;5;2;MOBILGREASE 33 16KG
149854;32.61;5;2;MOBILGREASE 28 174KG
149858;33.70;5;2;MOBILGREASE 28 50KG
149853;33.98;5;2;MOBILGREASE 28 16KG
150526;37.36;5;2;MOBILGREASE 33 4X2KG
149420;39.55;5;2;MOBILGREASE 28 4X2KG
153424;39.90;5;2;MOBILGREASE 28 40X0,38KG/13.4OZ
740149;4.00;5;2;Mobil BRAKE FLUID DOT 4 ESP  12x0,5L
150492;4.00;5;2;Mobil DTE 732 1000L
121132;4.01;5;2;Mobil ATF 200 208L
157096;4.01;5;2;Mobil (Vactra) SLIDEWAY OIL ULTRA 68 20L
153301;4.01;5;2;Mobil PEGASUS 605 ULTRA 40 1000L
148370;4.02;5;2;Mobil DELVAC MX 15W-40 4L
121737;4.02;5;2;Mobil DELVAC XHP EXTRA  10W-40 20L
155787;4.02;5;2;Mobil DELVAC XHP ULTRA LE SCA 5W-30 208L
125117;4.02;5;2;Mobil PEGASUS 805 208L
120983;4.03;5;2;Mobil AGRI EXTRA 10W-40 20L
151566;4.03;5;2;Mobil VACTRA NO 3 20L
149652;4.03;5;2;MOBILGEAR 600 XP 460 208L
155090;4.04;5;2;Mobil DTE 22 ULTRA 208L
156968;4.05;5;2;Mobil DELVAC MODER 5W-30 Extreme Protection 208L
145349;4.06;5;2;Mobil DELVAC 1340 20L
152994;4.06;5;2;Mobil DELVAC XHP ESP 10W-40 20L
151174;4.07;5;2;Mobil Super 3000 X1 FORMULA FE 5W-30 208L
156608;4.07;5;2;Mobil DTE 10 EXCEL 32 208L
156610;4.07;5;2;Mobil DTE 10 EXCEL 46 1000L
156611;4.07;5;2;Mobil DTE 10 EXCEL 46 208L
156523;4.07;5;2;Mobil DTE 10 EXCEL 68 1000L
156613;4.07;5;2;Mobil DTE 10 EXCEL 68 208L
121169;4.08;5;2;Mobil ATF 220 208L
141064;4.08;5;2;MOBILUBE GX 80W-90 20L
150010;4.09;5;2;Mobil Super 3000 X1 5W-40 208L
149657;4.09;5;2;MOBILGEAR 600 XP 680 208L
127613;4.10;5;2;Mobil DTE Oil Medium 1000L
126561;4.10;5;2;Mobil VACUOLINE 528 208L
145182;4.10;5;2;TERESSTIC T 32 208L
145185;4.10;5;2;TERESSTIC T 46 20L
153297;4.11;5;2;Mobil PEGASUS 605 ULTRA 40
149650;4.11;5;2;MOBILGEAR 600 XP 320 20L
145183;4.11;5;2;TERESSTIC T 32 PAIL 20L
150868;4.12;5;2;Mobil Super 2000 X1 DIESEL 10W-40 1L
126484;4.12;5;2;Mobil VACUOLINE 128 208L
150568;4.13;5;2;Mobil Super 3000 X1 5W-40 60L
157154;4.13;5;2;Mobil DTE HYDRAULIC  ZINC FREE 100 20L
122133;4.14;5;2;Mobil DTE OIL HEAVY 208L
122150;4.14;5;2;Mobil DTE OIL HEAVY MEDIUM 208L
122166;4.14;5;2;Mobil DTE OIL LIGHT 208L
122180;4.14;5;2;Mobil DTE OIL MEDIUM 208L
145184;4.14;5;2;TERESSTIC T 46 208L
127627;4.16;5;2;MOBILUBE HD 85W-140 20L
153997;4.16;5;2;Mobil PEGASUS 1007 1000L
122368;4.17;5;2;Mobil EXTRA 2T 20L
151749;4.19;5;2;Mobil DELVAC XHP ULTRA LE 5W-30 208L
123818;4.19;5;2;MOBILUBE S 80W-90 208L
154541;4.20;5;2;Mobil Super 2000 X1 10W-40 5L
127646;4.20;5;2;MOBILTRANS HD 10W 20L
143870;4.20;5;2;MOBILUBE GX-A 80W 20L
157155;4.20;5;2;Mobil DTE HYDRAULIC  ZINC FREE 22 208L
126566;4.20;5;2;Mobil VACUOLINE 533 208L
126569;4.20;5;2;Mobil VACUOLINE 537 208L
127632;4.21;5;2;MOBILTRANS HD 30 20L
127617;4.21;5;2;MOBILTRANS HD 50 20L
127878;4.22;5;2;Mobil PEGASUS 801 208L
126491;4.22;5;2;Mobil VACUOLINE 133 208L
126496;4.22;5;2;Mobil VACUOLINE 137 208L
126529;4.22;5;2;Mobil VACUOLINE 146 208L
153303;4.23;5;2;Mobil PEGASUS 605 ULTRA 40 208L
125279;4.23;5;2;Mobil RARUS 425 208L
143914;4.24;5;2;MOBILUBE HD-A 85W-90 20L
150149;4.24;5;2;Mobil PEGASUS 1005 1000L
148975;4.24;5;2;Mobil VACUOLINE 537 20L
151153;4.26;5;2;Mobil ANTIFREEZE ADVANCED 1L
155091;4.27;5;2;Mobil DTE 22 ULTRA 20L
149655;4.27;5;2;MOBILGEAR 600 XP 460 20L
156588;4.28;5;2;Mobil DTE 10 EXCEL 100 1000L
156589;4.28;5;2;Mobil DTE 10 EXCEL 100 208L
156594;4.28;5;2;Mobil DTE 10 EXCEL 15 208L
121962;4.28;5;2;Mobil DTE 846 1000L
149659;4.28;5;2;MOBILGEAR 600 XP 680 20L
150867;4.29;5;2;Mobil Super 1000 X1 15W-40 5L
156609;4.30;5;2;Mobil DTE 10 EXCEL 32 20L
156612;4.30;5;2;Mobil DTE 10 EXCEL 46 20L
156614;4.30;5;2;Mobil DTE 10 EXCEL 68 20L
126574;4.30;5;2;Mobil VACUOLINE 546 208L
156970;4.32;5;2;Mobil DELVAC MODER 5W-30 Extreme Protection 20L
149968;4.32;5;2;Mobil DTE 732 208L
149970;4.32;5;2;Mobil DTE 746 208L
125269;4.32;5;2;Mobil RARUS 424 208L
125290;4.32;5;2;Mobil RARUS 426 208L
121959;4.33;5;2;Mobil DTE 832 1000L
151214;4.34;5;2;Mobil Super 3000 FORMULA V 5W-30 208L
148973;4.34;5;2;Mobil VACUOLINE 528 20L
155788;4.35;5;2;Mobil DELVAC XHP ULTRA  LE SCA 5W-30 20L
122202;4.36;5;2;Mobil DTE PM 220  208L
154483;4.37;5;2;Mobil Super 3000 FORMULA F 0W-30 208L
126489;4.37;5;2;Mobil VACUOLINE 128 20L
150942;4.38;5;2;Mobil Super 3000 XE 5W-30 60L
150086;4.38;5;2;Mobil CLEAN INDUSTRIAL 208L
127692;4.38;5;2;Mobil DTE OIL HEAVY 20L
127673;4.38;5;2;Mobil DTE OIL HEAVY MEDIUM 20L
127687;4.38;5;2;Mobil DTE OIL LIGHT 20L
127683;4.38;5;2;Mobil DTE OIL MEDIUM 20L
151215;4.39;5;2;Mobil Super 3000 FORMULA V 5W-30 60L
143096;4.40;5;2;Mobil ATF 200 20L
127577;4.40;5;2;Mobil ATF 220 20L
155694;4.42;5;2;Mobil DELVAC XHP ESP FE 5W-30  1000L
155692;4.42;5;2;Mobil DELVAC XHP ESP FE 5W-30 208L
157156;4.43;5;2;Mobil DTE HYDRAULIC  ZINC FREE 22 20L
155770;4.44;5;2;Mobil DELVAC XHP ULTRA LE MN9 5W-20 208L
121960;4.44;5;2;Mobil DTE 846
127691;4.44;5;2;Mobil RARUS 425 20L
125299;4.44;5;2;Mobil RARUS 427 208L
125338;4.44;5;2;Mobil RARUS 429 208L
148974;4.44;5;2;Mobil VACUOLINE 533 20L
710721;4.45;5;2;Mobil ANTIFREEZE ULTRA 5L
152867;4.46;5;2;Mobil Super 3000 FORMULA F 5W-20 208L
145179;4.46;5;2;Mobil TERESSTIC T 100 208L
154739;4.48;5;2;Mobil Super 3000 XE1 5W-30 208L
125291;4.48;5;2;Mobil RARUS 426 20L
123805;4.49;5;2;MOBILUBE LS 85W-90 208L
154762;4.49;5;2;MOBILECT 44 208L
123801;4.51;5;2;MOBILUBE HD-N 80W-140 208L
156595;4.51;5;2;Mobil DTE 10 EXCEL 15 20L
156593;4.51;5;2;Mobil DTE 10 EXCEL 150 20L
151750;4.52;5;2;Mobil DELVAC XHP ULTRA LE 5W-30 20L
123821;4.53;5;2;MOBILUBE S 80W-90 20L
150864;4.54;5;2;Mobil Super 2000 X1 10W-40 1L
142825;4.54;5;2;Mobil GARDEN 4T 1L
127784;4.54;5;2;Mobil DTE PM 220  1000L
127602;4.54;5;2;Mobil RARUS 427 20L
127603;4.54;5;2;Mobil RARUS 429 20L
150866;4.56;5;2;Mobil Super 1000 X1 15W-40 1L
149870;4.56;5;2;Mobil ALMO 525 208L
149871;4.56;5;2;Mobil ALMO 527 208L
121958;4.56;5;2;Mobil DTE 832 208L
121961;4.56;5;2;Mobil DTE 846 208L
125272;4.56;5;2;Mobil RARUS 424 20L
150011;4.57;5;2;Mobil Super 3000 X1 5W-40 20L
153735;4.57;5;2;Mobil Super 3000 X1 FORMULA FE 5W-30 20L BAG-IN-BOX
150711;4.57;5;2;Mobil Super 3000 XE 5W-30 1000L
150712;4.57;5;2;Mobil Super 3000 XE 5W-30 208L
151194;4.59;5;2;Mobil Super 3000 FORMULA P 5W-30  208L
154746;4.59;5;2;Mobil Super 3000 XE1 5W-30 60L
120933;4.60;5;2;Mobil 600W SUP CYLYNDER 208L
154997;4.61;5;2;Mobil Super 3000 FORMULA D1 5W-30 208L
156272;4.61;5;2;Mobil Super 3000 Formula OV 0W-20 208L
151506;4.61;5;2;Mobil GEAR OIL FE 75W
146408;4.62;5;2;Mobil ATF 320 208L
150087;4.62;5;2;Mobil CLEAN INDUSTRIAL 20L
145020;4.62;5;2;Mobil VELOCITE NO 10 208L
145010;4.62;5;2;Mobil VELOCITE NO 4 208L
145014;4.62;5;2;Mobil VELOCITE NO 6 208L
124474;4.62;5;2;MOBILMET 423 208L
124481;4.62;5;2;MOBILMET 424 208L
124487;4.62;5;2;MOBILMET 426 208L
710314;4.63;5;2;Mobil ANTIFREEZE ULTRA 1L
124196;4.64;5;2;MOBILFLUID 125 208L
150689;4.66;5;2;Mobil Super 3000 FORMULA R 5W-30 208L
142806;4.67;5;2;MOBILUBE GX 80W-90 1L
142828;4.67;5;2;MOBILUBE HD 80W-90 1L
149867;4.67;5;2;Mobil ALMO 525 20L
155850;4.68;5;2;Mobil Super 3000 FORMULA V 0W-20 208L
152323;4.68;5;2;Mobil VELOCITE NO 3 20L
153122;4.69;5;2;Mobil DELVAC XHP ESP 10W-40 4L
152324;4.69;5;2;Mobil VELOCITE NO 3 208L
151410;4.70;5;2;Mobil DTE PM EXCEL 150 208L
142878;4.71;5;2;Mobil EXTRA 2T 1L
124017;4.72;5;2;MOBILARMA 778 208L
153734;4.73;5;2;Mobil Super 3000 X1 5W-40 20L BAG-IN-BOX
155693;4.75;5;2;Mobil DELVAC XHP ESP FE 5W-30 20L
155771;4.77;5;2;Mobil DELVAC XHP ULTRA LE MN9 5W-20 20L
156212;4.78;5;2;Mobil Super 3000 Formula V 0W-30 208L
124503;4.80;5;2;MOBILMET 443 208L
124511;4.80;5;2;MOBILMET 446 208L
149872;4.81;5;2;Mobil ALMO 527 20L
145017;4.81;5;2;Mobil VELOCITE NO 6 20L
127838;4.83;5;2;MOBILUBE LS 85W-90 20L
145012;4.83;5;2;Mobil VELOCITE NO 4 20L
150067;4.84;5;2;Mobil RARUS PE R-C 220 208L
127806;4.86;5;2;MOBILMET 426 20L
124543;4.86;5;2;MOBILMET 763 208L
124552;4.86;5;2;MOBILMET 766 208L
145022;4.87;5;2;Mobil VELOCITE NO 10 20L
MPS400M;4.90;5;2;Mobil MULTIPURPOSE SPRAY 12x0,4L
155001;4.92;5;2;Mobil Super 3000 FORMULA D1 5W-30 60L
148369;4.92;5;2;Mobil DELVAC XHP EXTRA  10W-40 4L
155006;4.92;5;2;Mobil SHC 832 ULTRA 208L
155010;4.92;5;2;Mobil SHC 846 ULTRA 208L
141699;4.93;5;2;MOBILUBE HD-N 80W-140 PAIL 20L
154533;4.96;5;2;Mobil Super 3000 FORMULA F 5W-20 20L BAG-IN-BOX
156094;4.97;5;2;Mobil ATF MULTI VEHICLE 208L
149851;40.25;5;2;Mobil AVIATION GREASE SHC 100 16KG
149421;42.47;5;2;Mobil AVIATION GREASE SHC 100 4X2KG
153425;43.01;5;2;MOBILGREASE 33 40X0,38KG/13.4OZ
142836;5.00;5;2;Mobil ATF 220 1L
155854;5.01;5;2;Mobil Super 3000 FORMULA V 0W-20 60L
150941;5.02;5;2;Mobil Super 3000 XE 5W-30 20L
153736;5.02;5;2;Mobil Super 3000 XE 5W-30 20L BAG-IN-BOX
140718;5.02;5;2;Mobil WYROL 4 208L
154742;5.03;5;2;Mobil Super 3000 XE1 5W-30 20L
150066;5.03;5;2;Mobil RARUS PE R-C 220
156073;5.04;5;2;Mobil Super 3000 0W-16 208L
GR500M;5.04;5;2;Mobil PENETRATING SPRAY 12x0,5L
146409;5.06;5;2;Mobil ATF 320 20L
151776;5.07;5;2;Mobil Super 3000 X1 5W-40 4L
154543;5.07;5;2;Mobil Super 3000 X1 FORMULA FE 5W-30 5L
123249;5.09;5;2;Mobil GREASE SPECIAL 180KG
142805;5.10;5;2;MOBILUBE GX-A 80W 1L
150884;5.10;5;2;MOBILUBE HD-A PLUS 80W-90 20L
156213;5.11;5;2;Mobil Super 3000 Formula V 0W-30 60L
143433;5.11;5;2;Mobil EVAPORATIVE FLUID 2002 208L
127640;5.11;5;2;MOBILMET 763 20L
127607;5.11;5;2;MOBILMET 766 20L
154537;5.12;5;2;Mobil Super 3000 FORMULA R 5W-30 20L BAG-IN-BOX
145133;5.12;5;2;Mobil EVAPORATIVE FLUID 2002 1000L
720735;5.13;5;2;Mobil ANTIFREEZE HD 5L
155500;5.14;5;2;Mobil Super 3000 Formula V 5W-30 20L BAG-IN-BOX
156286;5.15;5;2;Mobil Super 3000 Formula OV 0W-20 20L BAG-IN-BOX
126806;5.15;5;2;Mobil MACHINE TOOL LONG LIFE COOLANT 20L
146370;5.16;5;2;Mobil GREASE MB 2 18KG
151528;5.18;5;2;Mobil Super 3000 X1 FORMULA FE 5W-30 4L
153318;5.20;5;2;Mobil Super 3000 FORMULA VC 0W-20 208L
140670;5.20;5;2;Mobil WYROL 8 208L
154556;5.20;5;2;MOBILCUT 100-NEW 20L
140673;5.21;5;2;Mobil WYROL H 15 208L
106413;5.21;5;2;Mobil WYROL HS 32 208L
156075;5.22;5;2;Mobil Super 3000 0W-16 60L
155855;5.23;5;2;Mobil Super 3000 FORMULA V 0W-20 20L
156298;5.23;5;2;Mobil CVTF MULTI - VEHICLE 208L
151311;5.24;5;2;Mobil Super 3000 FORMULA C1 5W-30 208L
152172;5.26;5;2;Mobil Super 3000 FORMULA P 0W-30  208L
154542;5.27;5;2;Mobil Super 3000 X1 5W-40 5L
123251;5.27;5;2;Mobil GREASE SPECIAL 50KG
154037;5.27;5;2;Mobil RARUS PE KPL 220
154583;5.27;5;2;MOBILCUT 140-NEW 208L
151523;5.32;5;2;Mobil Super 3000 X1 FORMULA FE 5W-30 1L
156205;5.34;5;2;Mobil Super 3000 Formula V 0W-30 20L BAG-IN-BOX
146477;5.34;5;2;Mobil ATF 320 1L
156316;5.35;5;2;Mobil DCTF MULTI - VEHICLE 208L
143986;5.37;5;2;Mobil GREASE SPECIAL 18KG
140666;5.38;5;2;Mobil WYROL 12 208L
156275;5.39;5;2;Mobil Super 3000 Formula OV 0W-20 20L
141107;5.39;5;2;Mobil RARUS PE KPL 201
140668;5.39;5;2;Mobil WYROL 2 208L
140669;5.39;5;2;Mobil WYROL 6 208L
151453;5.44;5;2;Mobil Super 3000 XE 5W-30 4L
154544;5.44;5;2;Mobil Super 3000 XE 5W-30 5L
151007;5.44;5;2;Mobil ATF LT 71141 208L
151775;5.45;5;2;Mobil Super 3000 X1 5W-40 1L
154488;5.47;5;2;Mobil Super 3000 FORMULA F 0W-30 5L
156092;5.48;5;2;Mobil ATF MULTI VEHICLE 20L
154561;5.50;5;2;MOBILCUT 140-NEW 20L
155217;5.52;5;2;Mobil DELVAC 1 TRANSMISSION FLUID 75W-80 208L
152865;5.53;5;2;Mobil Super 3000 FORMULA F 5W-20 5L
150271;5.55;5;2;Mobil ATF 3309 208L
154984;5.56;5;2;Mobil DELVAC ULTRA TD 75W-90 208L
154766;5.58;5;2;Mobil Super 3000 XE1 5W-30 4L
155853;5.59;5;2;Mobil Super 3000 FORMULA V 0W20 BAG-IN-BOX
152866;5.62;5;2;Mobil Super 3000 FORMULA F 5W-20 1L
151452;5.63;5;2;Mobil Super 3000 XE 5W-30 1L
151008;5.67;5;2;Mobil ATF LT 71141 20L
154486;5.69;5;2;Mobil Super 3000 FORMULA F 0W-30 1L
154767;5.69;5;2;Mobil Super 3000 XE1 5W-30 5L
154447;5.70;5;2;Mobil Super 3000 Formula V 5W-30 5L
155000;5.71;5;2;Mobil Super 3000 FORMULA D1 5W-30 4L
154999;5.71;5;2;Mobil Super 3000 FORMULA D1 5W-30 5L
156282;5.71;5;2;Mobil Super 3000 Formula OV 0W-20 4L
156283;5.71;5;2;Mobil Super 3000 Formula OV 0W-20 5L
154535;5.74;5;2;Mobil Super 3000 FORMULA P 0W-30 20L BAG-IN-BOX
152356;5.76;5;2;Mobil Super 3000 FORMULA V 5W-30 1L
155856;5.78;5;2;Mobil Super 3000 FORMULA V 0W-20 4L
155852;5.78;5;2;Mobil Super 3000 FORMULA V 0W-20 5L
156303;5.79;5;2;Mobil CVTF MULTI - VEHICLE 20L
154987;5.79;5;2;Mobil DELVAC ULTRA TD 75W-90 20L
154764;5.80;5;2;Mobil Super 3000 XE1 5W-30 1L
765443;5.80;5;2;Mobil 75W80 MULTI - VEHICLE 1L
765441;5.81;5;2;Mobil EP 75W80 MULTI - VEHICLE 1L
154275;5.84;5;2;Mobil 1 ESP 5W-30 208L
155219;5.85;5;2;Mobil DELVAC 1 TRANSMISSION FLUID 75W-80 20L
155219;5.85;5;2;Mobil DELVAC 1 TRANSMISSION FLUID 20L
765442;5.86;5;2;Mobil 75W MULTI - VEHICLE 1L
149780;5.86;5;2;MOBILARMA MT 20L
149779;5.88;5;2;MOBILARMA MT 208L
140677;5.89;5;2;Mobil WYROL HS 46 208L
156204;5.90;5;2;Mobil Super 3000 Formula V 0W-30 5L
124899;5.90;5;2;MOBILUX EP 2 50KG
156317;5.91;5;2;Mobil DCTF MULTI - VEHICLE 20L
152250;5.91;5;2;Mobil DELVAC 1 LE 5W-30 208L
143992;5.91;5;2;MOBILUX EP 2 18KG
154998;5.93;5;2;Mobil Super 3000 FORMULA D1 5W-30 1L
140676;5.93;5;2;Mobil WYROL HS 22 208L
154566;5.93;5;2;MOBILCUT 250-NEW 208L
154299;5.94;5;2;Mobil 1 ESP 5W-30 60L
156281;5.94;5;2;Mobil Super 3000 Formula OV 0W-20 1L
155774;5.98;5;2;Mobil Super 3000 Formula RN 5W-30 4L
155775;5.98;5;2;Mobil Super 3000 Formula RN 5W-30 5L
155851;6.00;5;2;Mobil Super 3000 FORMULA V 0W-20 1L
150272;6.02;5;2;Mobil ATF 3309 20L
156091;6.03;5;2;Mobil ATF MULTI VEHICLE 4L
124929;6.04;5;2;MOBILUX EP 004 180KG
124919;6.04;5;2;MOBILUX EP 3 180KG
765444;6.05;5;2;Mobil 75W90 MULTI - VEHICLE 1L
154551;6.05;5;2;MOBILCUT 260-NEW 208L
153688;6.07;5;2;Mobil 1 FS 0W-40 1000L
153670;6.07;5;2;Mobil 1 FS 0W-40 208L
156468;6.08;5;2;Mobil 1 FS X2 5W-50 208L
124874;6.08;5;2;MOBILUX EP 1 180KG
153363;6.11;5;2;Mobil 1 ESP 0W-30 208L
153628;6.11;5;2;Mobil 1 FS X1 5W-50 208L
153680;6.12;5;2;Mobil 1 FS 0W-40 KEG 60L
156203;6.12;5;2;Mobil Super 3000 Formula V 0W-30 1L
143991;6.12;5;2;MOBILUX EP 1 18KG
124878;6.12;5;2;MOBILUX EP1 50KG
146423;6.13;5;2;MOBILUBE HD 75W-90  20L
146195;6.14;5;2;Mobil CHASSIS GREASE LBZ 50KG
153644;6.15;5;2;Mobil 1 FS X1 5W-50  60L
156675;6.15;5;2;Mobil DELVAC 1 5W-40 208L
127590;6.15;5;2;MOBILUX EP 2 180KG
156469;6.19;5;2;Mobil 1 FS X2 5W-50 60L
155776;6.20;5;2;Mobil Super 3000 Formula RN 5W-30 1L
154314;6.22;5;2;Mobil 1 ESP LV 0W-30 208L
156082;6.23;5;2;Mobil Super 3000 0W-16 1l
156090;6.25;5;2;Mobil ATF MULTI VEHICLE 1L
152249;6.25;5;2;Mobil DELVAC 1 LE 5W-30 20L
122629;6.25;5;2;Mobil GARGOYLE ARCTIC SHC NH68  208L
154549;6.28;5;2;MOBILCUT 260-NEW 20L
154569;6.29;5;2;MOBILCUT 320-NEW 208L
152252;6.30;5;2;Mobil DELVAC 1 LE 5W-30 4L
143994;6.31;5;2;MOBILUX EP 3 18KG
154807;6.32;5;2;Mobil 1 X1 5W-30 208L
156293;6.35;5;2;Mobil CVTF MULTI - VEHICLE 4L
155448;6.35;5;2;Mobil DELVAC ULTRA SCA 75W-90 208L
154302;6.36;5;2;Mobil 1 ESP 5W-30 20L
143985;6.36;5;2;Mobil CHASSIS GREASE LBZ 18KG
146374;6.36;5;2;MOBILUX EP 0 18KG
143990;6.38;5;2;MOBILUX EP 004 18KG
154273;6.41;5;2;Mobil 1 ESP 5W-30 20L BAG-IN-BOX
154571;6.45;5;2;MOBILCUT 320-NEW 20L
156315;6.47;5;2;Mobil DCTF MULTI - VEHICLE 4L
122630;6.47;5;2;Mobil GARGOYLE ARCTIC SHC NH68  20L
156676;6.48;5;2;Mobil DELVAC 1 5W-40 20L
150275;6.52;5;2;Mobil ATF 3309 1L
153730;6.54;5;2;Mobil 1 FS 0W-40 20L BAG-IN-BOX
156295;6.57;5;2;Mobil CVTF MULTI - VEHICLE 1L
153319;6.58;5;2;Mobil Super 3000 FORMULA VC 0W-20 1L
151519;6.60;5;2;Mobil ATF LT 71141 1L
SLV400M;6.60;5;2;Mobil SOLVENT CLEANER SPRAY 12x0,4L
154144;6.62;5;2;Mobil 1 ESP X3 0W-40 208L
153689;6.62;5;2;Mobil 1 FS 0W-40 20L
156470;6.62;5;2;Mobil 1 FS X2 5W-50 20L
152318;6.63;5;2;Mobil Super 3000 FORMULA C1  5W-30 1L
153645;6.66;5;2;Mobil 1 FS X1 5W-50 20L
155449;6.68;5;2;Mobil DELVAC ULTRA SCA 75W-90 20L
153438;6.70;5;2;Mobil 1 ESP X2 0W-20 208L
156314;6.70;5;2;Mobil DCTF MULTI - VEHICLE 1l
154295;6.71;5;2;Mobil 1 ESP 5W-30 5L
154321;6.77;5;2;Mobil 1 ESP LV 0W-30 20L
150531;6.78;5;2;MOBILGREASE XHP 462  180KG
155247;6.79;5;2;Mobil 1 0W-20 208L
152170;6.80;5;2;Mobil Super 3000 FORMULA P 0W-30 1L
123291;6.80;5;2;MOBILGREASE XHP 461 180KG
125046;6.81;5;2;Mobil PEGASUS 1 208L
154531;6.83;5;2;Mobil PYROTEC HFC 46 200L
154291;6.86;5;2;Mobil 1 ESP 5W-30 4L
122553;6.96;5;2;Mobil GARGOYLE ARCTIC SHC 226E 208L
127738;7.04;5;2;Mobil PEGASUS 1 20L
153687;7.09;5;2;Mobil 1 FS 0W-40 4L
152110;7.16;5;2;Mobil 1 10W-60 4L
156491;7.16;5;2;Mobil 1 FS X2 5W-50 4L
123293;7.16;5;2;MOBILGREASE XHP 461 50KG
156786;7.19;5;2;Mobil DTE FM EXCEL 150 1000L
156785;7.19;5;2;Mobil DTE FM EXCEL 150 208L
156788;7.19;5;2;Mobil DTE FM EXCEL 220 1000L
156787;7.19;5;2;Mobil DTE FM EXCEL 220 208L
122554;7.20;5;2;Mobil GARGOYLE ARCTIC SHC 226E 20L
153640;7.21;5;2;Mobil 1 FS X1 5W-50 4L
150532;7.21;5;2;MOBILGREASE XHP 462  50KG
152484;7.27;5;2;Mobil SHC PEGASUS 40 208L
154288;7.28;5;2;Mobil 1 ESP 5W-30 1L
153668;7.29;5;2;Mobil 1 FS 0W-40 1L
150688;7.29;5;2;Mobil ATF 134 20L
154318;7.32;5;2;Mobil 1 ESP LV 0W-30 4L
153669;7.33;5;2;Mobil 1 FS 0W-40 5L
122557;7.34;5;2;Mobil GARGOYLE ARCTIC SHC 228 208L
122538;7.36;5;2;Mobil GARGOYLE ARCTIC SHC 224  208L
156490;7.38;5;2;Mobil 1 FS X2 5W-50 1L
154313;7.41;5;2;Mobil 1 ESP LV 0W-30 1L
153634;7.43;5;2;Mobil 1 FS X1 5W-50 1L
153347;7.44;5;2;Mobil 1 ESP 0W-30 4L
123275;7.48;5;2;MOBILGREASE XHP 222 180KG
155800;7.55;5;2;Mobil PYROTEC HFD - U 46 208L
POS400M;7.58;5;2;Mobil PENETRATING OIL SPRAY 12x0,4L
153685;7.60;5;2;Mobil 1 ESP X2 0W-20 5L
122568;7.62;5;2;Mobil GARGOYLE ARCTIC SHC 230 208L
127636;7.65;5;2;Mobil GARGOYLE ARCTIC SHC 224  20L
153346;7.66;5;2;Mobil 1 ESP 0W-30 1L
141579;7.67;5;2;Mobil WYROL MS 460 208L
146378;7.70;5;2;MOBILGREASE XHP 221 18 KG
154151;7.72;5;2;Mobil 1 ESP X3 0W-40 5L
155249;7.73;5;2;Mobil 1 0W-20 1L
146379;7.74;5;2;MOBILGREASE XHP 222 18KG
123277;7.74;5;2;MOBILGREASE XHP 222 50KG
153439;7.80;5;2;Mobil 1 ESP X2 0W-20 1L
153462;7.80;5;2;Mobil DELVAC 1 GEAR OIL 75W-90 208L
123716;7.82;5;2;MOBILUBE 1 SHC 75W-90 20L
127614;7.82;5;2;MOBILSOL PM  20L
SSP500M;7.84;5;2;Mobil SILICONE SPRAY 12x0,5L
122563;7.84;5;2;Mobil GARGOYLE ARCTIC SHC 228 20L
104480;7.91;5;2;MOBILUBE 1 SHC 75W-90 208L
123714;7.92;5;2;MOBILUBE 1 SHC 75W-90 60L
154147;7.94;5;2;Mobil 1 ESP X3 0W-40 1L
153490;7.96;5;2;Mobil DELVAC 1 TF V30 208L
DG400M;8.00;5;2;Mobil DEGREASER SPRAY 12x0,4L
153466;8.08;5;2;Mobil DELVAC 1 GEAR OIL 75W-90 20L
155801;8.08;5;2;Mobil PYROTEC HFD - U 46 20L
123039;8.09;5;2;Mobil GLYGOYLE 30** 208L
127804;8.19;5;2;Mobil GLYGOYLE 22** 20L
127805;8.23;5;2;Mobil GLYGOYLE 30** 20L
123020;8.27;5;2;Mobil GLYGOYLE 11** 208L
123027;8.27;5;2;Mobil GLYGOYLE 22** 208L
153550;8.34;5;2;Mobil GREASE SP 12x0,39KG
142819;8.41;5;2;Mobil 1 RACING 4T 15W-50 1L
CO400M;8.45;5;2;Mobil CHAIN OIL SPRAY 12x0,4L
127797;8.45;5;2;Mobil GLYGOYLE 30** 1000L
154883;8.46;5;2;Mobil POLYREX 461 EP 180KG
154883;8.46;5;2;Mobil POLYREX 461 EP 180KG
123024;8.51;5;2;Mobil GLYGOYLE 11** 20L
153372;8.52;5;2;Mobil ATF 134 FE 1L
153470;8.65;5;2;Mobil DELVAC 1 GEAR OIL LS 75W-90 208L
154412;8.67;5;2;Mobil POLYREX EM 180KG
154412;8.67;5;2;Mobil POLYREX EM 180KG
153496;8.68;5;2;Mobil DELVAC 1 ATF 208L
142803;8.69;5;2;MOBILUBE 1 SHC 75W-90 1L
GPTFE500M;8.79;5;2;Mobil GREASE PTFE SPRAY 12x0,5L
154604;8.82;5;2;Mobil CENTAUR XHP 461 180KG
154684;8.89;5;2;Mobil CENTAUR XHP 221 180KG
154605;8.89;5;2;Mobil CENTAUR XHP 462 180KG
148815;8.93;5;2;Mobil GLYGOYLE 220 208L
148817;8.93;5;2;Mobil GLYGOYLE 320 208L
148820;8.93;5;2;Mobil GLYGOYLE 460 208L
148822;8.93;5;2;Mobil GLYGOYLE 680 208L
150791;8.93;5;2;Mobil SHC CIBUS 68 20L
153472;8.98;5;2;Mobil DELVAC 1 GEAR OIL LS 75W-90 20L
153497;9.01;5;2;Mobil DELVAC 1 ATF 20L
154414;9.01;5;2;Mobil POLYREX EM 16KG
154598;9.02;5;2;Mobil CENTAUR XHP 461 18KG
154597;9.02;5;2;Mobil CENTAUR XHP 461 50KG
HT600M;9.03;5;2;Mobil HIGH TEMPERATURE SPRAY 12x0,6L
150784;9.04;5;2;Mobil SHC CIBUS 32 208L
150787;9.04;5;2;Mobil SHC CIBUS 46 208L
150790;9.04;5;2;Mobil SHC CIBUS 68 208L
151850;9.05;5;2;Mobil SHC 624 208L
145426;9.11;5;2;Mobil UNIREX N 3 180KG
154692;9.12;5;2;Mobil CENTAUR XHP 221 18KG
154689;9.12;5;2;Mobil CENTAUR XHP 221 50KG
154601;9.12;5;2;Mobil CENTAUR XHP 462 18KG
154600;9.12;5;2;Mobil CENTAUR XHP 462 50KG
148816;9.17;5;2;Mobil GLYGOYLE 220 20L
148818;9.17;5;2;Mobil GLYGOYLE 320 20L
148821;9.17;5;2;Mobil GLYGOYLE 460 20L
148823;9.17;5;2;Mobil GLYGOYLE 680 20L
122771;9.22;5;2;MOBILGEAR OGL 007** 180KG
122771;9.22;5;2;MOBILGEAR OGL 007** 180KG
154884;9.23;5;2;Mobil POLYREX 461 EP 16KG
154884;9.23;5;2;Mobil POLYREX 461 EP 16KG
151544;9.24;5;2;MOBILGREASE XHP 322 MINE 18KG
153554;9.25;5;2;MOBILUX EP 2 12x0,39KG
150785;9.28;5;2;Mobil SHC CIBUS 32 20L
150788;9.28;5;2;Mobil SHC CIBUS 46 20L
125373;9.29;5;2;Mobil RARUS SHC 1025 208L
151851;9.29;5;2;Mobil SHC 624 20L
151815;9.34;5;2;Mobil SHC 630 20L
153458;9.36;5;2;Mobil DELVAC 1 GEAR OIL 75W-140 20L
152925;9.36;5;2;Mobil UNIREX N 3 50KG
150793;9.40;5;2;Mobil SHC CIBUS 220 208L
151855;9.41;5;2;Mobil SHC 626 20L
151859;9.41;5;2;Mobil SHC 629 20L
151861;9.42;5;2;Mobil SHC 632 208L
151861;9.42;5;2;Mobil SHC 632 208L
142851;9.44;5;2;Mobil 1 RACING 2T 1L
125376;9.49;5;2;Mobil RARUS SHC 1025 20L
151469;9.50;5;2;Mobil SHC GREASE 320 WT 208L
144567;9.56;5;2;Mobil GEAR OGL 007** 18KG
152926;9.56;5;2;Mobil UNIREX N3 18KG
152924;9.59;5;2;Mobil UNIREX N 2 18KG
150820;9.64;5;2;Mobil SHC CIBUS 150 208L
125322;9.71;5;2;Mobil SHC 526 208L
BX400M;9.72;5;2;Mobil ANTI-FRICTION SPRAY 12x0,4L
151862;9.72;5;2;Mobil SHC 632 20L
151862;9.72;5;2;Mobil SHC 632 20L
125569;9.73;5;2;Mobil SHC 824 208L
151470;9.73;5;2;Mobil SHC GREASE 320 WT 20L
125382;9.75;5;2;Mobil RARUS SHC 1026 20L
149400;9.76;5;2;Mobil GAS COMPRESSOR OIL 208L
150796;9.76;5;2;Mobil SHC CIBUS 320 208L
150799;9.76;5;2;Mobil SHC CIBUS 460 208L
149399;9.82;5;2;Mobil WYROL BG 320 206KG
150794;9.88;5;2;Mobil SHC CIBUS 220 20L
151854;9.90;5;2;Mobil SHC 626 208L
151858;9.90;5;2;Mobil SHC 629 208L
151814;9.90;5;2;Mobil SHC 630 208L
149398;9.94;5;2;Mobil WYROL BG 220 206KG
150821;9.95;5;2;Mobil SHC CIBUS 150 20L
127659;9.96;5;2;Mobil SHC 524 20L
125316;9.98;5;2;Mobil SHC 525 208L